Date, AMO 
1854,0.28
1854.08333333333,0.34
1854.16666666667,0.34
1854.25,0.16
1854.33333333333,0.02
1854.41666666667,0.18
1854.5,0.07
1854.58333333333,0.20
1854.66666666667,0.04
1854.75,0.09
1854.83333333333,0.20
1854.91666666667,0.41
1855,0.29
1855.08333333333,0.26
1855.16666666667,0.13
1855.25,0.01
1855.33333333333,0.10
1855.41666666667,0.06
1855.5,0.07
1855.58333333333,0.14
1855.66666666667,0.18
1855.75,0.19
1855.83333333333,0.31
1855.91666666667,0.14
1856,0.10
1856.08333333333,0.21
1856.16666666667,0.12
1856.25,0.17
1856.33333333333,0.22
1856.41666666667,0.18
1856.5,0.34
1856.58333333333,0.16
1856.66666666667,0.04
1856.75,0.04
1856.83333333333,0.01
1856.91666666667,0.11
1857,0.10
1857.08333333333,0.03
1857.16666666667,0.15
1857.25,0.22
1857.33333333333,0.33
1857.41666666667,0.22
1857.5,0.29
1857.58333333333,0.17
1857.66666666667,0.13
1857.75,0.27
1857.83333333333,0.32
1857.91666666667,0.07
1858,0.13
1858.08333333333,0.27
1858.16666666667,0.40
1858.25,0.17
1858.33333333333,0.25
1858.41666666667,0.28
1858.5,0.39
1858.58333333333,0.42
1858.66666666667,0.27
1858.75,0.11
1858.83333333333,0.04
1858.91666666667,0.13
1859,0.29
1859.08333333333,0.22
1859.16666666667,0.08
1859.25,0.13
1859.33333333333,0.08
1859.41666666667,0.12
1859.5,0.20
1859.58333333333,0.08
1859.66666666667,0.17
1859.75,0.13
1859.83333333333,0.09
1859.91666666667,0.02
1860,0.04
1860.08333333333,0.08
1860.16666666667,0.02
1860.25,0.02
1860.33333333333,0.10
1860.41666666667,0.17
1860.5,0.23
1860.58333333333,0.35
1860.66666666667,0.32
1860.75,0.08
1860.83333333333,0.31
1860.91666666667,0.34
1861,0.01
1861.08333333333,0.34
1861.16666666667,0.24
1861.25,0.04
1861.33333333333,0.14
1861.41666666667,0.23
1861.5,0.03
1861.58333333333,0.38
1861.66666666667,0.27
1861.75,0.11
1861.83333333333,0.11
1861.91666666667,0.02
1862,0.25
1862.08333333333,0.13
1862.16666666667,0.16
1862.25,0.45
1862.33333333333,0.50
1862.41666666667,0.51
1862.5,0.76
1862.58333333333,0.61
1862.66666666667,0.49
1862.75,0.56
1862.83333333333,0.09
1862.91666666667,0.17
1863,0.37
1863.08333333333,0.34
1863.16666666667,0.18
1863.25,0.25
1863.33333333333,0.07
1863.41666666667,0.19
1863.5,0.37
1863.58333333333,0.22
1863.66666666667,0.20
1863.75,0.28
1863.83333333333,0.08
1863.91666666667,0.25
1864,0.39
1864.08333333333,0.41
1864.16666666667,0.47
1864.25,0.18
1864.33333333333,0.07
1864.41666666667,0.00
1864.5,0.09
1864.58333333333,0.17
1864.66666666667,0.00
1864.75,0.06
1864.83333333333,0.30
1864.91666666667,0.54
1865,0.03
1865.08333333333,0.20
1865.16666666667,0.19
1865.25,0.23
1865.33333333333,0.26
1865.41666666667,0.07
1865.5,0.25
1865.58333333333,0.14
1865.66666666667,0.11
1865.75,0.40
1865.83333333333,0.09
1865.91666666667,0.16
1866,0.11
1866.08333333333,0.07
1866.16666666667,0.09
1866.25,0.19
1866.33333333333,0.06
1866.41666666667,0.30
1866.5,0.13
1866.58333333333,0.17
1866.66666666667,0.08
1866.75,0.04
1866.83333333333,0.26
1866.91666666667,0.39
1867,0.25
1867.08333333333,0.12
1867.16666666667,0.01
1867.25,0.21
1867.33333333333,0.10
1867.41666666667,0.18
1867.5,0.13
1867.58333333333,0.07
1867.66666666667,0.05
1867.75,0.07
1867.83333333333,0.02
1867.91666666667,0.12
1868,0.09
1868.08333333333,0.07
1868.16666666667,0.23
1868.25,0.07
1868.33333333333,0.29
1868.41666666667,0.32
1868.5,0.12
1868.58333333333,0.11
1868.66666666667,0.33
1868.75,0.22
1868.83333333333,0.03
1868.91666666667,0.24
1869,0.18
1869.08333333333,0.01
1869.16666666667,0.16
1869.25,0.08
1869.33333333333,0.01
1869.41666666667,0.02
1869.5,0.02
1869.58333333333,0.25
1869.66666666667,0.16
1869.75,0.15
1869.83333333333,0.03
1869.91666666667,0.01
1870,0.11
1870.08333333333,0.16
1870.16666666667,0.03
1870.25,0.05
1870.33333333333,0.05
1870.41666666667,0.24
1870.5,0.10
1870.58333333333,0.29
1870.66666666667,0.22
1870.75,0.05
1870.83333333333,0.04
1870.91666666667,0.01
1871,0.34
1871.08333333333,0.30
1871.16666666667,0.10
1871.25,0.06
1871.33333333333,0.16
1871.41666666667,0.18
1871.5,0.13
1871.58333333333,0.17
1871.66666666667,0.31
1871.75,0.39
1871.83333333333,0.03
1871.91666666667,0.01
1872,0.19
1872.08333333333,0.35
1872.16666666667,0.43
1872.25,0.35
1872.33333333333,0.14
1872.41666666667,0.11
1872.5,0.12
1872.58333333333,0.15
1872.66666666667,0.06
1872.75,0.12
1872.83333333333,0.29
1872.91666666667,0.24
1873,0.00
1873.08333333333,0.23
1873.16666666667,0.34
1873.25,0.37
1873.33333333333,0.24
1873.41666666667,0.27
1873.5,0.34
1873.58333333333,0.05
1873.66666666667,0.04
1873.75,0.16
1873.83333333333,0.03
1873.91666666667,0.14
1874,0.12
1874.08333333333,0.01
1874.16666666667,0.03
1874.25,0.07
1874.33333333333,0.14
1874.41666666667,0.13
1874.5,0.05
1874.58333333333,0.02
1874.66666666667,0.01
1874.75,0.08
1874.83333333333,0.24
1874.91666666667,0.39
1875,0.21
1875.08333333333,0.03
1875.16666666667,0.12
1875.25,0.14
1875.33333333333,0.08
1875.41666666667,0.07
1875.5,0.12
1875.58333333333,0.16
1875.66666666667,0.04
1875.75,0.35
1875.83333333333,0.08
1875.91666666667,0.04
1876,0.08
1876.08333333333,0.18
1876.16666666667,0.35
1876.25,0.53
1876.33333333333,0.38
1876.41666666667,0.19
1876.5,0.10
1876.58333333333,0.10
1876.66666666667,0.28
1876.75,0.55
1876.83333333333,0.20
1876.91666666667,0.13
1877,0.03
1877.08333333333,0.22
1877.16666666667,0.31
1877.25,0.26
1877.33333333333,0.34
1877.41666666667,0.42
1877.5,0.39
1877.58333333333,0.23
1877.66666666667,0.37
1877.75,0.73
1877.83333333333,0.67
1877.91666666667,0.62
1878,0.45
1878.08333333333,0.36
1878.16666666667,0.74
1878.25,0.69
1878.33333333333,0.62
1878.41666666667,0.47
1878.5,0.38
1878.58333333333,0.64
1878.66666666667,0.34
1878.75,0.04
1878.83333333333,0.04
1878.91666666667,0.43
1879,0.13
1879.08333333333,0.20
1879.16666666667,0.06
1879.25,0.09
1879.33333333333,0.21
1879.41666666667,0.09
1879.5,0.08
1879.58333333333,0.21
1879.66666666667,0.07
1879.75,0.36
1879.83333333333,0.19
1879.91666666667,0.10
1880,0.15
1880.08333333333,0.17
1880.16666666667,0.18
1880.25,0.11
1880.33333333333,0.13
1880.41666666667,0.19
1880.5,0.08
1880.58333333333,0.02
1880.66666666667,0.03
1880.75,0.15
1880.83333333333,0.03
1880.91666666667,0.00
1881,0.28
1881.08333333333,0.36
1881.16666666667,0.23
1881.25,0.06
1881.33333333333,0.10
1881.41666666667,0.08
1881.5,0.06
1881.58333333333,0.19
1881.66666666667,0.15
1881.75,0.26
1881.83333333333,0.40
1881.91666666667,0.36
1882,0.03
1882.08333333333,0.04
1882.16666666667,0.09
1882.25,0.11
1882.33333333333,0.22
1882.41666666667,0.17
1882.5,0.13
1882.58333333333,0.19
1882.66666666667,0.28
1882.75,0.12
1882.83333333333,0.03
1882.91666666667,0.00
1883,0.07
1883.08333333333,0.23
1883.16666666667,0.37
1883.25,0.36
1883.33333333333,0.42
1883.41666666667,0.39
1883.5,0.43
1883.58333333333,0.49
1883.66666666667,0.63
1883.75,0.36
1883.83333333333,0.19
1883.91666666667,0.05
1884,0.19
1884.08333333333,0.19
1884.16666666667,0.28
1884.25,0.43
1884.33333333333,0.25
1884.41666666667,0.48
1884.5,0.68
1884.58333333333,0.53
1884.66666666667,0.52
1884.75,0.41
1884.83333333333,0.48
1884.91666666667,0.23
1885,0.22
1885.08333333333,0.20
1885.16666666667,0.29
1885.25,0.23
1885.33333333333,0.23
1885.41666666667,0.41
1885.5,0.41
1885.58333333333,0.23
1885.66666666667,0.26
1885.75,0.08
1885.83333333333,0.04
1885.91666666667,0.01
1886,0.15
1886.08333333333,0.15
1886.16666666667,0.05
1886.25,0.07
1886.33333333333,0.14
1886.41666666667,0.03
1886.5,0.09
1886.58333333333,0.32
1886.66666666667,0.39
1886.75,0.18
1886.83333333333,0.19
1886.91666666667,0.18
1887,0.28
1887.08333333333,0.22
1887.16666666667,0.17
1887.25,0.21
1887.33333333333,0.12
1887.41666666667,0.08
1887.5,0.04
1887.58333333333,0.21
1887.66666666667,0.29
1887.75,0.07
1887.83333333333,0.00
1887.91666666667,0.02
1888,0.05
1888.08333333333,0.03
1888.16666666667,0.05
1888.25,0.29
1888.33333333333,0.14
1888.41666666667,0.07
1888.5,0.34
1888.58333333333,0.41
1888.66666666667,0.31
1888.75,0.14
1888.83333333333,0.08
1888.91666666667,0.03
1889,0.10
1889.08333333333,0.11
1889.16666666667,0.02
1889.25,0.02
1889.33333333333,0.04
1889.41666666667,0.13
1889.5,0.34
1889.58333333333,0.32
1889.66666666667,0.26
1889.75,0.19
1889.83333333333,0.02
1889.91666666667,0.06
1890,0.13
1890.08333333333,0.21
1890.16666666667,0.29
1890.25,0.52
1890.33333333333,0.47
1890.41666666667,0.47
1890.5,0.76
1890.58333333333,0.86
1890.66666666667,0.65
1890.75,0.24
1890.83333333333,0.32
1890.91666666667,0.47
1891,0.57
1891.08333333333,0.41
1891.16666666667,0.28
1891.25,0.20
1891.33333333333,0.23
1891.41666666667,0.28
1891.5,0.24
1891.58333333333,0.28
1891.66666666667,0.25
1891.75,0.35
1891.83333333333,0.52
1891.91666666667,0.29
1892,0.22
1892.08333333333,0.26
1892.16666666667,0.24
1892.25,0.37
1892.33333333333,0.55
1892.41666666667,0.66
1892.5,0.68
1892.58333333333,0.51
1892.66666666667,0.62
1892.75,0.61
1892.83333333333,0.43
1892.91666666667,0.34
1893,0.22
1893.08333333333,0.25
1893.16666666667,0.38
1893.25,0.45
1893.33333333333,0.37
1893.41666666667,0.18
1893.5,0.30
1893.58333333333,0.27
1893.66666666667,0.32
1893.75,0.21
1893.83333333333,0.14
1893.91666666667,0.21
1894,0.30
1894.08333333333,0.36
1894.16666666667,0.48
1894.25,0.60
1894.33333333333,0.46
1894.41666666667,0.62
1894.5,0.55
1894.58333333333,0.64
1894.66666666667,0.53
1894.75,0.56
1894.83333333333,0.52
1894.91666666667,0.39
1895,0.28
1895.08333333333,0.39
1895.16666666667,0.60
1895.25,0.70
1895.33333333333,0.60
1895.41666666667,0.51
1895.5,0.40
1895.58333333333,0.45
1895.66666666667,0.24
1895.75,0.13
1895.83333333333,0.22
1895.91666666667,0.21
1896,0.27
1896.08333333333,0.23
1896.16666666667,0.24
1896.25,0.22
1896.33333333333,0.14
1896.41666666667,0.03
1896.5,0.21
1896.58333333333,0.15
1896.66666666667,0.04
1896.75,0.08
1896.83333333333,0.03
1896.91666666667,0.12
1897,0.26
1897.08333333333,0.13
1897.16666666667,0.06
1897.25,0.01
1897.33333333333,0.11
1897.41666666667,0.17
1897.5,0.17
1897.58333333333,0.33
1897.66666666667,0.36
1897.75,0.27
1897.83333333333,0.20
1897.91666666667,0.26
1898,0.25
1898.08333333333,0.16
1898.16666666667,0.13
1898.25,0.24
1898.33333333333,0.24
1898.41666666667,0.13
1898.5,0.10
1898.58333333333,0.12
1898.66666666667,0.11
1898.75,0.25
1898.83333333333,0.36
1898.91666666667,0.34
1899,0.21
1899.08333333333,0.30
1899.16666666667,0.35
1899.25,0.13
1899.33333333333,0.12
1899.41666666667,0.23
1899.5,0.21
1899.58333333333,0.05
1899.66666666667,0.09
1899.75,0.20
1899.83333333333,0.03
1899.91666666667,0.07
1900,0.07
1900.08333333333,0.01
1900.16666666667,0.15
1900.25,0.19
1900.33333333333,0.39
1900.41666666667,0.43
1900.5,0.40
1900.58333333333,0.33
1900.66666666667,0.27
1900.75,0.14
1900.83333333333,0.17
1900.91666666667,0.16
1901,0.12
1901.08333333333,0.09
1901.16666666667,0.23
1901.25,0.24
1901.33333333333,0.21
1901.41666666667,0.11
1901.5,0.14
1901.58333333333,0.12
1901.66666666667,0.19
1901.75,0.33
1901.83333333333,0.42
1901.91666666667,0.51
1902,0.30
1902.08333333333,0.36
1902.16666666667,0.41
1902.25,0.51
1902.33333333333,0.44
1902.41666666667,0.63
1902.5,0.70
1902.58333333333,0.60
1902.66666666667,0.45
1902.75,0.26
1902.83333333333,0.28
1902.91666666667,0.37
1903,0.38
1903.08333333333,0.28
1903.16666666667,0.27
1903.25,0.36
1903.33333333333,0.44
1903.41666666667,0.68
1903.5,0.81
1903.58333333333,1.00
1903.66666666667,0.84
1903.75,0.73
1903.83333333333,0.60
1903.91666666667,0.63
1904,0.65
1904.08333333333,0.71
1904.16666666667,0.80
1904.25,0.82
1904.33333333333,0.80
1904.41666666667,1.01
1904.5,0.96
1904.58333333333,0.82
1904.66666666667,0.92
1904.75,0.76
1904.83333333333,0.58
1904.91666666667,0.55
1905,0.65
1905.08333333333,0.67
1905.16666666667,0.66
1905.25,0.62
1905.33333333333,0.50
1905.41666666667,0.66
1905.5,0.64
1905.58333333333,0.78
1905.66666666667,0.86
1905.75,0.68
1905.83333333333,0.63
1905.91666666667,0.65
1906,0.32
1906.08333333333,0.27
1906.16666666667,0.35
1906.25,0.39
1906.33333333333,0.49
1906.41666666667,0.34
1906.5,0.46
1906.58333333333,0.49
1906.66666666667,0.53
1906.75,0.49
1906.83333333333,0.29
1906.91666666667,0.47
1907,0.52
1907.08333333333,0.61
1907.16666666667,0.53
1907.25,0.51
1907.33333333333,0.59
1907.41666666667,0.71
1907.5,0.78
1907.58333333333,0.83
1907.66666666667,0.59
1907.75,0.49
1907.83333333333,0.53
1907.91666666667,0.50
1908,0.53
1908.08333333333,0.56
1908.16666666667,0.55
1908.25,0.70
1908.33333333333,0.59
1908.41666666667,0.47
1908.5,0.39
1908.58333333333,0.52
1908.66666666667,0.55
1908.75,0.48
1908.83333333333,0.41
1908.91666666667,0.34
1909,0.37
1909.08333333333,0.51
1909.16666666667,0.51
1909.25,0.64
1909.33333333333,0.53
1909.41666666667,0.70
1909.5,0.79
1909.58333333333,0.65
1909.66666666667,0.55
1909.75,0.48
1909.83333333333,0.65
1909.91666666667,0.57
1910,0.64
1910.08333333333,0.55
1910.16666666667,0.58
1910.25,0.59
1910.33333333333,0.71
1910.41666666667,0.80
1910.5,0.86
1910.58333333333,0.71
1910.66666666667,0.50
1910.75,0.48
1910.83333333333,0.34
1910.91666666667,0.46
1911,0.50
1911.08333333333,0.47
1911.16666666667,0.63
1911.25,0.70
1911.33333333333,0.64
1911.41666666667,0.57
1911.5,0.55
1911.58333333333,0.51
1911.66666666667,0.48
1911.75,0.40
1911.83333333333,0.46
1911.91666666667,0.46
1912,0.50
1912.08333333333,0.54
1912.16666666667,0.51
1912.25,0.48
1912.33333333333,0.46
1912.41666666667,0.61
1912.5,0.84
1912.58333333333,1.07
1912.66666666667,0.84
1912.75,0.64
1912.83333333333,0.62
1912.91666666667,0.53
1913,0.49
1913.08333333333,0.44
1913.16666666667,0.51
1913.25,0.77
1913.33333333333,0.80
1913.41666666667,0.96
1913.5,0.88
1913.58333333333,0.86
1913.66666666667,0.77
1913.75,0.57
1913.83333333333,0.53
1913.91666666667,0.37
1914,0.33
1914.08333333333,0.44
1914.16666666667,0.63
1914.25,0.58
1914.33333333333,0.55
1914.41666666667,0.67
1914.5,0.88
1914.58333333333,0.85
1914.66666666667,0.53
1914.75,0.24
1914.83333333333,0.25
1914.91666666667,0.29
1915,0.24
1915.08333333333,0.15
1915.16666666667,0.11
1915.25,0.17
1915.33333333333,0.04
1915.41666666667,0.02
1915.5,0.03
1915.58333333333,0.03
1915.66666666667,0.04
1915.75,0.06
1915.83333333333,0.04
1915.91666666667,0.08
1916,0.18
1916.08333333333,0.15
1916.16666666667,0.33
1916.25,0.33
1916.33333333333,0.26
1916.41666666667,0.27
1916.5,0.40
1916.58333333333,0.53
1916.66666666667,0.44
1916.75,0.16
1916.83333333333,0.42
1916.91666666667,0.47
1917,0.52
1917.08333333333,0.49
1917.16666666667,0.52
1917.25,0.57
1917.33333333333,0.52
1917.41666666667,0.43
1917.5,0.45
1917.58333333333,0.47
1917.66666666667,0.68
1917.75,0.51
1917.83333333333,0.39
1917.91666666667,0.30
1918,0.27
1918.08333333333,0.34
1918.16666666667,0.50
1918.25,0.51
1918.33333333333,0.48
1918.41666666667,0.58
1918.5,0.69
1918.58333333333,0.78
1918.66666666667,0.72
1918.75,0.58
1918.83333333333,0.34
1918.91666666667,0.15
1919,0.19
1919.08333333333,0.11
1919.16666666667,0.11
1919.25,0.28
1919.33333333333,0.40
1919.41666666667,0.54
1919.5,0.73
1919.58333333333,0.49
1919.66666666667,0.31
1919.75,0.19
1919.83333333333,0.31
1919.91666666667,0.37
1920,0.45
1920.08333333333,0.44
1920.16666666667,0.42
1920.25,0.44
1920.33333333333,0.50
1920.41666666667,0.62
1920.5,0.76
1920.58333333333,0.76
1920.66666666667,0.52
1920.75,0.40
1920.83333333333,0.43
1920.91666666667,0.42
1921,0.37
1921.08333333333,0.25
1921.16666666667,0.24
1921.25,0.29
1921.33333333333,0.47
1921.41666666667,0.48
1921.5,0.36
1921.58333333333,0.64
1921.66666666667,0.44
1921.75,0.10
1921.83333333333,0.26
1921.91666666667,0.16
1922,0.21
1922.08333333333,0.24
1922.16666666667,0.42
1922.25,0.58
1922.33333333333,0.62
1922.41666666667,0.60
1922.5,0.83
1922.58333333333,0.74
1922.66666666667,0.64
1922.75,0.43
1922.83333333333,0.45
1922.91666666667,0.38
1923,0.40
1923.08333333333,0.49
1923.16666666667,0.53
1923.25,0.62
1923.33333333333,0.55
1923.41666666667,0.66
1923.5,0.74
1923.58333333333,0.89
1923.66666666667,0.72
1923.75,0.45
1923.83333333333,0.38
1923.91666666667,0.13
1924,0.25
1924.08333333333,0.36
1924.16666666667,0.32
1924.25,0.34
1924.33333333333,0.22
1924.41666666667,0.39
1924.5,0.56
1924.58333333333,0.60
1924.66666666667,0.57
1924.75,0.45
1924.83333333333,0.45
1924.91666666667,0.40
1925,0.48
1925.08333333333,0.38
1925.16666666667,0.38
1925.25,0.39
1925.33333333333,0.30
1925.41666666667,0.45
1925.5,0.47
1925.58333333333,0.50
1925.66666666667,0.42
1925.75,0.27
1925.83333333333,0.36
1925.91666666667,0.15
1926,0.06
1926.08333333333,0.04
1926.16666666667,0.17
1926.25,0.10
1926.33333333333,0.18
1926.41666666667,0.23
1926.5,0.28
1926.58333333333,0.33
1926.66666666667,0.22
1926.75,0.07
1926.83333333333,0.09
1926.91666666667,0.01
1927,0.01
1927.08333333333,0.01
1927.16666666667,0.05
1927.25,0.10
1927.33333333333,0.01
1927.41666666667,0.14
1927.5,0.25
1927.58333333333,0.23
1927.66666666667,0.15
1927.75,0.04
1927.83333333333,0.10
1927.91666666667,0.03
1928,0.11
1928.08333333333,0.22
1928.16666666667,0.21
1928.25,0.39
1928.33333333333,0.36
1928.41666666667,0.30
1928.5,0.30
1928.58333333333,0.33
1928.66666666667,0.23
1928.75,0.17
1928.83333333333,0.20
1928.91666666667,0.22
1929,0.17
1929.08333333333,0.17
1929.16666666667,0.21
1929.25,0.23
1929.33333333333,0.46
1929.41666666667,0.57
1929.5,0.58
1929.58333333333,0.53
1929.66666666667,0.36
1929.75,0.21
1929.83333333333,0.22
1929.91666666667,0.32
1930,0.28
1930.08333333333,0.33
1930.16666666667,0.33
1930.25,0.51
1930.33333333333,0.36
1930.41666666667,0.38
1930.5,0.32
1930.58333333333,0.38
1930.66666666667,0.11
1930.75,0.10
1930.83333333333,0.17
1930.91666666667,0.08
1931,0.06
1931.08333333333,0.01
1931.16666666667,0.03
1931.25,0.02
1931.33333333333,0.06
1931.41666666667,0.01
1931.5,0.13
1931.58333333333,0.17
1931.66666666667,0.02
1931.75,0.17
1931.83333333333,0.03
1931.91666666667,0.09
1932,0.16
1932.08333333333,0.20
1932.16666666667,0.16
1932.25,0.12
1932.33333333333,0.02
1932.41666666667,0.01
1932.5,0.10
1932.58333333333,0.17
1932.66666666667,0.20
1932.75,0.11
1932.83333333333,0.04
1932.91666666667,0.04
1933,0.06
1933.08333333333,0.13
1933.16666666667,0.01
1933.25,0.14
1933.33333333333,0.16
1933.41666666667,0.06
1933.5,0.05
1933.58333333333,0.07
1933.66666666667,0.03
1933.75,0.33
1933.83333333333,0.12
1933.91666666667,0.12
1934,0.12
1934.08333333333,0.25
1934.16666666667,0.22
1934.25,0.25
1934.33333333333,0.30
1934.41666666667,0.16
1934.5,0.12
1934.58333333333,0.15
1934.66666666667,0.06
1934.75,0.10
1934.83333333333,0.01
1934.91666666667,0.05
1935,0.00
1935.08333333333,0.15
1935.16666666667,0.21
1935.25,0.11
1935.33333333333,0.10
1935.41666666667,0.12
1935.5,0.23
1935.58333333333,0.21
1935.66666666667,0.30
1935.75,0.17
1935.83333333333,0.02
1935.91666666667,0.02
1936,0.03
1936.08333333333,0.00
1936.16666666667,0.08
1936.25,0.03
1936.33333333333,0.02
1936.41666666667,0.09
1936.5,0.17
1936.58333333333,0.15
1936.66666666667,0.13
1936.75,0.00
1936.83333333333,0.07
1936.91666666667,0.03
1937,0.07
1937.08333333333,0.06
1937.16666666667,0.04
1937.25,0.07
1937.33333333333,0.00
1937.41666666667,0.35
1937.5,0.36
1937.58333333333,0.36
1937.66666666667,0.39
1937.75,0.22
1937.83333333333,0.24
1937.91666666667,0.28
1938,0.08
1938.08333333333,0.00
1938.16666666667,0.02
1938.25,0.00
1938.33333333333,0.03
1938.41666666667,0.06
1938.5,0.19
1938.58333333333,0.13
1938.66666666667,0.04
1938.75,0.07
1938.83333333333,0.14
1938.91666666667,0.04
1939,0.09
1939.08333333333,0.06
1939.16666666667,0.24
1939.25,0.30
1939.33333333333,0.19
1939.41666666667,0.06
1939.5,0.16
1939.58333333333,0.07
1939.66666666667,0.19
1939.75,0.14
1939.83333333333,0.07
1939.91666666667,0.18
1940,0.30
1940.08333333333,0.17
1940.16666666667,0.12
1940.25,0.13
1940.33333333333,0.17
1940.41666666667,0.23
1940.5,0.18
1940.58333333333,0.21
1940.66666666667,0.23
1940.75,0.35
1940.83333333333,0.36
1940.91666666667,0.37
1941,0.40
1941.08333333333,0.28
1941.16666666667,0.07
1941.25,0.23
1941.33333333333,0.13
1941.41666666667,0.07
1941.5,0.07
1941.58333333333,0.16
1941.66666666667,0.29
1941.75,0.59
1941.83333333333,0.60
1941.91666666667,0.51
1942,0.11
1942.08333333333,0.10
1942.16666666667,0.20
1942.25,0.24
1942.33333333333,0.26
1942.41666666667,0.18
1942.5,0.12
1942.58333333333,0.14
1942.66666666667,0.20
1942.75,0.17
1942.83333333333,0.19
1942.91666666667,0.06
1943,0.01
1943.08333333333,0.01
1943.16666666667,0.13
1943.25,0.07
1943.33333333333,0.03
1943.41666666667,0.09
1943.5,0.16
1943.58333333333,0.12
1943.66666666667,0.03
1943.75,0.07
1943.83333333333,0.10
1943.91666666667,0.11
1944,0.24
1944.08333333333,0.41
1944.16666666667,0.36
1944.25,0.31
1944.33333333333,0.07
1944.41666666667,0.23
1944.5,0.18
1944.58333333333,0.22
1944.66666666667,0.39
1944.75,0.39
1944.83333333333,0.33
1944.91666666667,0.29
1945,0.35
1945.08333333333,0.41
1945.16666666667,0.45
1945.25,0.59
1945.33333333333,0.43
1945.41666666667,0.30
1945.5,0.18
1945.58333333333,0.43
1945.66666666667,0.38
1945.75,0.23
1945.83333333333,0.01
1945.91666666667,0.06
1946,0.00
1946.08333333333,0.04
1946.16666666667,0.05
1946.25,0.09
1946.33333333333,0.15
1946.41666666667,0.42
1946.5,0.42
1946.58333333333,0.37
1946.66666666667,0.17
1946.75,0.12
1946.83333333333,0.15
1946.91666666667,0.22
1947,0.31
1947.08333333333,0.30
1947.16666666667,0.28
1947.25,0.30
1947.33333333333,0.34
1947.41666666667,0.35
1947.5,0.37
1947.58333333333,0.31
1947.66666666667,0.34
1947.75,0.20
1947.83333333333,0.01
1947.91666666667,0.20
1948,0.13
1948.08333333333,0.14
1948.16666666667,0.09
1948.25,0.20
1948.33333333333,0.12
1948.41666666667,0.15
1948.5,0.20
1948.58333333333,0.22
1948.66666666667,0.29
1948.75,0.15
1948.83333333333,0.00
1948.91666666667,0.08
1949,0.11
1949.08333333333,0.14
1949.16666666667,0.06
1949.25,0.02
1949.33333333333,0.13
1949.41666666667,0.20
1949.5,0.04
1949.58333333333,0.02
1949.66666666667,0.02
1949.75,0.04
1949.83333333333,0.08
1949.91666666667,0.03
1950,0.03
1950.08333333333,0.13
1950.16666666667,0.16
1950.25,0.22
1950.33333333333,0.23
1950.41666666667,0.22
1950.5,0.31
1950.58333333333,0.28
1950.66666666667,0.28
1950.75,0.23
1950.83333333333,0.00
1950.91666666667,0.04
1951,0.04
1951.08333333333,0.07
1951.16666666667,0.08
1951.25,0.05
1951.33333333333,0.12
1951.41666666667,0.16
1951.5,0.31
1951.58333333333,0.17
1951.66666666667,0.12
1951.75,0.13
1951.83333333333,0.13
1951.91666666667,0.12
1952,0.00
1952.08333333333,0.04
1952.16666666667,0.09
1952.25,0.02
1952.33333333333,0.05
1952.41666666667,0.28
1952.5,0.25
1952.58333333333,0.33
1952.66666666667,0.21
1952.75,0.24
1952.83333333333,0.09
1952.91666666667,0.17
1953,0.14
1953.08333333333,0.07
1953.16666666667,0.01
1953.25,0.16
1953.33333333333,0.27
1953.41666666667,0.18
1953.5,0.17
1953.58333333333,0.02
1953.66666666667,0.09
1953.75,0.07
1953.83333333333,0.24
1953.91666666667,0.24
1954,0.15
1954.08333333333,0.01
1954.16666666667,0.05
1954.25,0.11
1954.33333333333,0.05
1954.41666666667,0.08
1954.5,0.18
1954.58333333333,0.27
1954.66666666667,0.22
1954.75,0.06
1954.83333333333,0.10
1954.91666666667,0.06
1955,0.08
1955.08333333333,0.06
1955.16666666667,0.10
1955.25,0.08
1955.33333333333,0.07
1955.41666666667,0.11
1955.5,0.16
1955.58333333333,0.17
1955.66666666667,0.14
1955.75,0.15
1955.83333333333,0.29
1955.91666666667,0.12
1956,0.10
1956.08333333333,0.02
1956.16666666667,0.09
1956.25,0.10
1956.33333333333,0.22
1956.41666666667,0.43
1956.5,0.28
1956.58333333333,0.25
1956.66666666667,0.30
1956.75,0.09
1956.83333333333,0.14
1956.91666666667,0.01
1957,0.16
1957.08333333333,0.12
1957.16666666667,0.06
1957.25,0.16
1957.33333333333,0.27
1957.41666666667,0.14
1957.5,0.10
1957.58333333333,0.06
1957.66666666667,0.11
1957.75,0.10
1957.83333333333,0.03
1957.91666666667,0.04
1958,0.09
1958.08333333333,0.16
1958.16666666667,0.31
1958.25,0.30
1958.33333333333,0.15
1958.41666666667,0.12
1958.5,0.05
1958.58333333333,0.04
1958.66666666667,0.04
1958.75,0.04
1958.83333333333,0.12
1958.91666666667,0.14
1959,0.07
1959.08333333333,0.11
1959.16666666667,0.07
1959.25,0.19
1959.33333333333,0.15
1959.41666666667,0.15
1959.5,0.18
1959.58333333333,0.12
1959.66666666667,0.04
1959.75,0.08
1959.83333333333,0.01
1959.91666666667,0.05
1960,0.06
1960.08333333333,0.09
1960.16666666667,0.05
1960.25,0.06
1960.33333333333,0.15
1960.41666666667,0.18
1960.5,0.10
1960.58333333333,0.17
1960.66666666667,0.08
1960.75,0.22
1960.83333333333,0.15
1960.91666666667,0.06
1961,0.08
1961.08333333333,0.08
1961.16666666667,0.17
1961.25,0.18
1961.33333333333,0.12
1961.41666666667,0.02
1961.5,0.06
1961.58333333333,0.04
1961.66666666667,0.03
1961.75,0.00
1961.83333333333,0.15
1961.91666666667,0.26
1962,0.14
1962.08333333333,0.17
1962.16666666667,0.13
1962.25,0.04
1962.33333333333,0.07
1962.41666666667,0.17
1962.5,0.12
1962.58333333333,0.19
1962.66666666667,0.10
1962.75,0.08
1962.83333333333,0.11
1962.91666666667,0.22
1963,0.18
1963.08333333333,0.07
1963.16666666667,0.01
1963.25,0.01
1963.33333333333,0.17
1963.41666666667,0.14
1963.5,0.17
1963.58333333333,0.14
1963.66666666667,0.22
1963.75,0.04
1963.83333333333,0.02
1963.91666666667,0.03
1964,0.14
1964.08333333333,0.05
1964.16666666667,0.08
1964.25,0.28
1964.33333333333,0.03
1964.41666666667,0.08
1964.5,0.19
1964.58333333333,0.35
1964.66666666667,0.35
1964.75,0.30
1964.83333333333,0.21
1964.91666666667,0.18
1965,0.25
1965.08333333333,0.23
1965.16666666667,0.16
1965.25,0.12
1965.33333333333,0.18
1965.41666666667,0.29
1965.5,0.36
1965.58333333333,0.32
1965.66666666667,0.34
1965.75,0.26
1965.83333333333,0.28
1965.91666666667,0.09
1966,0.16
1966.08333333333,0.05
1966.16666666667,0.04
1966.25,0.02
1966.33333333333,0.09
1966.41666666667,0.15
1966.5,0.11
1966.58333333333,0.16
1966.66666666667,0.11
1966.75,0.05
1966.83333333333,0.03
1966.91666666667,0.07
1967,0.01
1967.08333333333,0.01
1967.16666666667,0.06
1967.25,0.03
1967.33333333333,0.30
1967.41666666667,0.36
1967.5,0.27
1967.58333333333,0.21
1967.66666666667,0.21
1967.75,0.17
1967.83333333333,0.21
1967.91666666667,0.14
1968,0.25
1968.08333333333,0.21
1968.16666666667,0.28
1968.25,0.18
1968.33333333333,0.27
1968.41666666667,0.39
1968.5,0.40
1968.58333333333,0.30
1968.66666666667,0.21
1968.75,0.03
1968.83333333333,0.09
1968.91666666667,0.11
1969,0.07
1969.08333333333,0.09
1969.16666666667,0.14
1969.25,0.13
1969.33333333333,0.03
1969.41666666667,0.11
1969.5,0.04
1969.58333333333,0.12
1969.66666666667,0.10
1969.75,0.14
1969.83333333333,0.09
1969.91666666667,0.00
1970,0.07
1970.08333333333,0.09
1970.16666666667,0.02
1970.25,0.01
1970.33333333333,0.08
1970.41666666667,0.20
1970.5,0.32
1970.58333333333,0.21
1970.66666666667,0.18
1970.75,0.13
1970.83333333333,0.16
1970.91666666667,0.15
1971,0.19
1971.08333333333,0.25
1971.16666666667,0.32
1971.25,0.41
1971.33333333333,0.36
1971.41666666667,0.38
1971.5,0.37
1971.58333333333,0.47
1971.66666666667,0.35
1971.75,0.14
1971.83333333333,0.12
1971.91666666667,0.25
1972,0.25
1972.08333333333,0.30
1972.16666666667,0.39
1972.25,0.30
1972.33333333333,0.51
1972.41666666667,0.50
1972.5,0.41
1972.58333333333,0.49
1972.66666666667,0.38
1972.75,0.28
1972.83333333333,0.24
1972.91666666667,0.26
1973,0.28
1973.08333333333,0.21
1973.16666666667,0.16
1973.25,0.14
1973.33333333333,0.13
1973.41666666667,0.07
1973.5,0.04
1973.58333333333,0.14
1973.66666666667,0.09
1973.75,0.13
1973.83333333333,0.15
1973.91666666667,0.16
1974,0.14
1974.08333333333,0.20
1974.16666666667,0.36
1974.25,0.55
1974.33333333333,0.59
1974.41666666667,0.56
1974.5,0.59
1974.58333333333,0.56
1974.66666666667,0.57
1974.75,0.51
1974.83333333333,0.37
1974.91666666667,0.28
1975,0.10
1975.08333333333,0.13
1975.16666666667,0.18
1975.25,0.27
1975.33333333333,0.34
1975.41666666667,0.26
1975.5,0.14
1975.58333333333,0.08
1975.66666666667,0.25
1975.75,0.28
1975.83333333333,0.19
1975.91666666667,0.22
1976,0.24
1976.08333333333,0.37
1976.16666666667,0.38
1976.25,0.30
1976.33333333333,0.43
1976.41666666667,0.42
1976.5,0.24
1976.58333333333,0.06
1976.66666666667,0.18
1976.75,0.17
1976.83333333333,0.34
1976.91666666667,0.36
1977,0.29
1977.08333333333,0.23
1977.16666666667,0.06
1977.25,0.08
1977.33333333333,0.13
1977.41666666667,0.05
1977.5,0.04
1977.58333333333,0.16
1977.66666666667,0.17
1977.75,0.12
1977.83333333333,0.04
1977.91666666667,0.10
1978,0.01
1978.08333333333,0.01
1978.16666666667,0.04
1978.25,0.05
1978.33333333333,0.15
1978.41666666667,0.19
1978.5,0.27
1978.58333333333,0.20
1978.66666666667,0.12
1978.75,0.07
1978.83333333333,0.11
1978.91666666667,0.01
1979,0.03
1979.08333333333,0.05
1979.16666666667,0.15
1979.25,0.07
1979.33333333333,0.02
1979.41666666667,0.09
1979.5,0.02
1979.58333333333,0.11
1979.66666666667,0.03
1979.75,0.07
1979.83333333333,0.10
1979.91666666667,0.14
1980,0.17
1980.08333333333,0.12
1980.16666666667,0.00
1980.25,0.20
1980.33333333333,0.32
1980.41666666667,0.16
1980.5,0.06
1980.58333333333,0.01
1980.66666666667,0.03
1980.75,0.06
1980.83333333333,0.08
1980.91666666667,0.10
1981,0.02
1981.08333333333,0.00
1981.16666666667,0.18
1981.25,0.08
1981.33333333333,0.11
1981.41666666667,0.11
1981.5,0.02
1981.58333333333,0.04
1981.66666666667,0.05
1981.75,0.09
1981.83333333333,0.09
1981.91666666667,0.24
1982,0.06
1982.08333333333,0.00
1982.16666666667,0.09
1982.25,0.05
1982.33333333333,0.09
1982.41666666667,0.15
1982.5,0.20
1982.58333333333,0.30
1982.66666666667,0.22
1982.75,0.23
1982.83333333333,0.26
1982.91666666667,0.17
1983,0.03
1983.08333333333,0.10
1983.16666666667,0.24
1983.25,0.17
1983.33333333333,0.05
1983.41666666667,0.05
1983.5,0.08
1983.58333333333,0.03
1983.66666666667,0.02
1983.75,0.03
1983.83333333333,0.09
1983.91666666667,0.17
1984,0.09
1984.08333333333,0.07
1984.16666666667,0.04
1984.25,0.04
1984.33333333333,0.03
1984.41666666667,0.32
1984.5,0.26
1984.58333333333,0.10
1984.66666666667,0.10
1984.75,0.19
1984.83333333333,0.25
1984.91666666667,0.16
1985,0.22
1985.08333333333,0.26
1985.16666666667,0.24
1985.25,0.33
1985.33333333333,0.29
1985.41666666667,0.07
1985.5,0.07
1985.58333333333,0.24
1985.66666666667,0.19
1985.75,0.13
1985.83333333333,0.16
1985.91666666667,0.18
1986,0.26
1986.08333333333,0.25
1986.16666666667,0.29
1986.25,0.31
1986.33333333333,0.19
1986.41666666667,0.21
1986.5,0.19
1986.58333333333,0.30
1986.66666666667,0.28
1986.75,0.23
1986.83333333333,0.26
1986.91666666667,0.22
1987,0.09
1987.08333333333,0.09
1987.16666666667,0.05
1987.25,0.16
1987.33333333333,0.20
1987.41666666667,0.32
1987.5,0.42
1987.58333333333,0.46
1987.66666666667,0.33
1987.75,0.19
1987.83333333333,0.13
1987.91666666667,0.22
1988,0.05
1988.08333333333,0.01
1988.16666666667,0.07
1988.25,0.17
1988.33333333333,0.23
1988.41666666667,0.29
1988.5,0.26
1988.58333333333,0.09
1988.66666666667,0.03
1988.75,0.02
1988.83333333333,0.06
1988.91666666667,0.01
1989,0.01
1989.08333333333,0.10
1989.16666666667,0.07
1989.25,0.16
1989.33333333333,0.01
1989.41666666667,0.26
1989.5,0.40
1989.58333333333,0.30
1989.66666666667,0.09
1989.75,0.03
1989.83333333333,0.04
1989.91666666667,0.00
1990,0.08
1990.08333333333,0.02
1990.16666666667,0.06
1990.25,0.10
1990.33333333333,0.08
1990.41666666667,0.05
1990.5,0.05
1990.58333333333,0.18
1990.66666666667,0.33
1990.75,0.33
1990.83333333333,0.13
1990.91666666667,0.08
1991,0.01
1991.08333333333,0.04
1991.16666666667,0.01
1991.25,0.05
1991.33333333333,0.12
1991.41666666667,0.06
1991.5,0.09
1991.58333333333,0.02
1991.66666666667,0.06
1991.75,0.13
1991.83333333333,0.14
1991.91666666667,0.06
1992,0.01
1992.08333333333,0.04
1992.16666666667,0.00
1992.25,0.08
1992.33333333333,0.18
1992.41666666667,0.10
1992.5,0.24
1992.58333333333,0.38
1992.66666666667,0.33
1992.75,0.26
1992.83333333333,0.28
1992.91666666667,0.10
1993,0.00
1993.08333333333,0.04
1993.16666666667,0.16
1993.25,0.04
1993.33333333333,0.08
1993.41666666667,0.19
1993.5,0.32
1993.58333333333,0.14
1993.66666666667,0.09
1993.75,0.16
1993.83333333333,0.17
1993.91666666667,0.15
1994,0.20
1994.08333333333,0.22
1994.16666666667,0.17
1994.25,0.03
1994.33333333333,0.12
1994.41666666667,0.13
1994.5,0.17
1994.58333333333,0.22
1994.66666666667,0.18
1994.75,0.04
1994.83333333333,0.18
1994.91666666667,0.13
1995,0.19
1995.08333333333,0.17
1995.16666666667,0.20
1995.25,0.27
1995.33333333333,0.40
1995.41666666667,0.45
1995.5,0.45
1995.58333333333,0.39
1995.66666666667,0.19
1995.75,0.28
1995.83333333333,0.27
1995.91666666667,0.19
1996,0.13
1996.08333333333,0.06
1996.16666666667,0.04
1996.25,0.11
1996.33333333333,0.00
1996.41666666667,0.03
1996.5,0.08
1996.58333333333,0.09
1996.66666666667,0.10
1996.75,0.03
1996.83333333333,0.04
1996.91666666667,0.03
1997,0.13
1997.08333333333,0.20
1997.16666666667,0.18
1997.25,0.12
1997.33333333333,0.13
1997.41666666667,0.05
1997.5,0.18
1997.58333333333,0.13
1997.66666666667,0.23
1997.75,0.36
1997.83333333333,0.23
1997.91666666667,0.24
1998,0.30
1998.08333333333,0.38
1998.16666666667,0.37
1998.25,0.36
1998.33333333333,0.43
1998.41666666667,0.65
1998.5,0.57
1998.58333333333,0.70
1998.66666666667,0.45
1998.75,0.48
1998.83333333333,0.49
1998.91666666667,0.47
1999,0.23
1999.08333333333,0.18
1999.16666666667,0.18
1999.25,0.29
1999.33333333333,0.45
1999.41666666667,0.41
1999.5,0.37
1999.58333333333,0.52
1999.66666666667,0.45
1999.75,0.25
1999.83333333333,0.12
1999.91666666667,0.25
2000,0.11
2000.08333333333,0.17
2000.16666666667,0.36
2000.25,0.25
2000.33333333333,0.32
2000.41666666667,0.14
2000.5,0.20
2000.58333333333,0.22
2000.66666666667,0.25
2000.75,0.20
2000.83333333333,0.23
2000.91666666667,0.07
2001,0.08
2001.08333333333,0.23
2001.16666666667,0.25
2001.25,0.15
2001.33333333333,0.16
2001.41666666667,0.32
2001.5,0.30
2001.58333333333,0.45
2001.66666666667,0.52
2001.75,0.47
2001.83333333333,0.40
2001.91666666667,0.51
2002,0.58
2002.08333333333,0.44
2002.16666666667,0.43
2002.25,0.30
2002.33333333333,0.09
2002.41666666667,0.01
2002.5,0.02
2002.58333333333,0.22
2002.66666666667,0.26
2002.75,0.35
2002.83333333333,0.31
2002.91666666667,0.21
2003,0.25
2003.08333333333,0.19
2003.16666666667,0.31
2003.25,0.22
2003.33333333333,0.27
2003.41666666667,0.26
2003.5,0.42
2003.58333333333,0.62
2003.66666666667,0.66
2003.75,0.79
2003.83333333333,0.51
2003.91666666667,0.53
2004,0.51
2004.08333333333,0.46
2004.16666666667,0.39
2004.25,0.36
2004.33333333333,0.17
2004.41666666667,0.30
2004.5,0.37
2004.58333333333,0.46
2004.66666666667,0.44
2004.75,0.56
2004.83333333333,0.52
2004.91666666667,0.51
2005,0.48
2005.08333333333,0.31
2005.16666666667,0.47
2005.25,0.61
2005.33333333333,0.54
2005.41666666667,0.59
2005.5,0.74
2005.58333333333,0.74
2005.66666666667,0.73
2005.75,0.63
2005.83333333333,0.52
2005.91666666667,0.51
2006,0.48
2006.08333333333,0.35
2006.16666666667,0.27
2006.25,0.46
2006.33333333333,0.52
2006.41666666667,0.59
2006.5,0.63
2006.58333333333,0.69
2006.66666666667,0.63
2006.75,0.67
2006.83333333333,0.66
2006.91666666667,0.50
2007,0.60
2007.08333333333,0.52
2007.16666666667,0.42
2007.25,0.39
2007.33333333333,0.35
2007.41666666667,0.28
2007.5,0.26
2007.58333333333,0.19
2007.66666666667,0.39
2007.75,0.56
2007.83333333333,0.54
2007.91666666667,0.45
2008,0.43
2008.08333333333,0.52
2008.16666666667,0.49
2008.25,0.30
2008.33333333333,0.44
2008.41666666667,0.59
2008.5,0.51
2008.58333333333,0.49
2008.66666666667,0.48
2008.75,0.50
2008.83333333333,0.40
2008.91666666667,0.33
2009,0.24
2009.08333333333,0.00
2009.16666666667,0.03
2009.25,0.09
2009.33333333333,0.11
2009.41666666667,0.36
2009.5,0.46
2009.58333333333,0.40
2009.66666666667,0.36
2009.75,0.56
2009.83333333333,0.46
2009.91666666667,0.49
2010,0.39
2010.08333333333,0.43
2010.16666666667,0.52
2010.25,0.70
2010.33333333333,0.75
2010.41666666667,0.88
2010.5,0.83
2010.58333333333,0.91
2010.66666666667,0.67
2010.75,0.60
2010.83333333333,0.63
2010.91666666667,0.43
2011,0.42
2011.08333333333,0.36
2011.16666666667,0.30
2011.25,0.40
2011.33333333333,0.41
2011.41666666667,0.50
2011.5,0.38
2011.58333333333,0.44
2011.66666666667,0.43
2011.75,0.49
2011.83333333333,0.33
2011.91666666667,0.33
2012,0.38
2012.08333333333,0.34
2012.16666666667,0.37
2012.25,0.41
2012.33333333333,0.47
2012.41666666667,0.58
2012.5,0.64
2012.58333333333,0.74
2012.66666666667,0.81
2012.75,0.76
2012.83333333333,0.56
2012.91666666667,0.55
2013,0.54
2013.08333333333,0.44
2013.16666666667,0.44
2013.25,0.37
2013.33333333333,0.37
2013.41666666667,0.33
2013.5,0.53
2013.58333333333,0.50
2013.66666666667,0.61
2013.75,0.78
2013.83333333333,0.57
2013.91666666667,0.40
2014,0.33
2014.08333333333,0.27
2014.16666666667,0.20
2014.25,0.20
2014.33333333333,0.20
2014.41666666667,0.29
2014.5,0.48
2014.58333333333,0.59
2014.66666666667,0.60
2014.75,0.72
2014.83333333333,0.50
2014.91666666667,0.49
2015,0.41
2015.08333333333,0.31
2015.16666666667,0.26
2015.25,0.29
2015.33333333333,0.41
2015.41666666667,0.40
2015.5,0.39
2015.58333333333,0.48
2015.66666666667,0.71
2015.75,0.72
2015.83333333333,0.63
2015.91666666667,0.60
2016,0.72
2016.08333333333,0.64
2016.16666666667,0.61
2016.25,0.53
2016.33333333333,0.63
2016.41666666667,0.65
2016.5,0.68
2016.58333333333,0.78
2016.66666666667,0.78
2016.75,0.77
2016.83333333333,0.76
2016.91666666667,0.72
2017,0.74
2017.08333333333,0.69
2017.16666666667,0.57
2017.25,0.69
2017.33333333333,0.62
2017.41666666667,0.67
2017.5,0.75
2017.58333333333,0.75
2017.66666666667,0.77
2017.75,0.88
2017.83333333333,0.91
2017.91666666667,0.88
2018,0.68
2018.08333333333,0.49
2018.16666666667,0.41
2018.25,0.37
2018.33333333333,0.33
2018.41666666667,0.25
2018.5,0.39
2018.58333333333,0.54
2018.66666666667,0.61
2018.75,0.55
2018.83333333333,0.38
2018.91666666667,0.37
2019,0.46
2019.08333333333,0.50
2019.16666666667,0.46
2019.25,0.40
2019.33333333333,0.37
2019.41666666667,0.58
2019.5,0.65
2019.58333333333,0.74
2019.66666666667,0.69
2019.75,0.66
2019.83333333333,0.63
2019.91666666667,0.59
2020,0.72
2020.08333333333,0.85
2020.16666666667,0.83
2020.25,0.86
2020.33333333333,0.65
2020.41666666667,0.71
2020.5,0.83
2020.58333333333,0.87
2020.66666666667,0.71
2020.75,0.74
2020.83333333333,0.66
2020.91666666667,0.63
2021,0.63
2021.08333333333,0.58
2021.16666666667,0.48
2021.25,0.61
2021.33333333333,0.58
2021.41666666667,0.58
2021.5,0.63
2021.58333333333,0.69
2021.66666666667,0.83
2021.75,0.96
2021.83333333333,0.92
2021.91666666667,0.82
2022,0.84
2022.08333333333,0.79
2022.16666666667,0.54
2022.25,0.46
2022.33333333333,0.64
2022.41666666667,0.58
2022.5,0.54
2022.58333333333,0.88
2022.66666666667,0.98
2022.75,0.93
2022.83333333333,0.83
2022.91666666667,0.70
2023,0.76
2023.08333333333,0.74
2023.16666666667,0.87
2023.25,0.94
2023.33333333333,1.07
2023.41666666667,1.26
2023.5,1.44
2023.58333333333,1.36
2023.66666666667,1.41