,
1856.0000,-0.39
1856.0833,0.47
1856.1667,0.42
1856.2500,-0.96
1856.3333,-1.26
1856.4167,-2.15
1856.5000,-0.69
1856.5833,0.63
1856.6667,0.58
1856.7500,0.59
1856.8333,0.23
1856.9167,0.04
1857.0000,-0.52
1857.0833,-1.67
1857.1667,-1.05
1857.2500,-0.81
1857.3333,-0.65
1857.4167,1.03
1857.5000,1.17
1857.5833,0.81
1857.6667,0.84
1857.7500,0.70
1857.8333,0.38
1857.9167,-0.55
1858.0000,-0.96
1858.0833,-1.53
1858.1667,-1.76
1858.2500,-0.82
1858.3333,0.49
1858.4167,2.19
1858.5000,1.05
1858.5833,0.67
1858.6667,1.38
1858.7500,2.35
1858.8333,0.46
1858.9167,-1.16
1859.0000,-1.22
1859.0833,-1.71
1859.1667,-2.46
1859.2500,-3.65
1859.3333,-2.86
1859.4167,-1.99
1859.5000,-1.01
1859.5833,-1.26
1859.6667,-1.19
1859.7500,-1.31
1859.8333,-1.14
1859.9167,-1.12
1860.0000,-1.31
1860.0833,-1.28
1860.1667,-1.34
1860.2500,-0.77
1860.3333,-0.85
1860.4167,-1.26
1860.5000,-0.27
1860.5833,-0.40
1860.6667,0.33
1860.7500,-1.70
1860.8333,-1.18
1860.9167,-1.42
1861.0000,-0.57
1861.0833,-0.84
1861.1667,-0.86
1861.2500,-0.83
1861.3333,-0.37
1861.4167,-0.35
1861.5000,-0.61
1861.5833,-0.80
1861.6667,-1.20
1861.7500,-1.58
1861.8333,-1.80
1861.9167,-1.65
1862.0000,-0.41
1862.0833,-0.13
1862.1667,0.16
1862.2500,0.07
1862.3333,0.09
1862.4167,-0.08
1862.5000,-0.12
1862.5833,-0.20
1862.6667,-0.98
1862.7500,-0.80
1862.8333,-0.39
1862.9167,0.07
1863.0000,-0.06
1863.0833,-0.34
1863.1667,-0.37
1863.2500,-0.18
1863.3333,0.03
1863.4167,-0.03
1863.5000,0.07
1863.5833,-0.26
1863.6667,0.05
1863.7500,0.07
1863.8333,0.11
1863.9167,-0.23
1864.0000,-0.19
1864.0833,-0.09
1864.1667,-1.04
1864.2500,-1.00
1864.3333,-0.78
1864.4167,-0.66
1864.5000,-0.19
1864.5833,-0.48
1864.6667,-0.21
1864.7500,0.23
1864.8333,0.53
1864.9167,0.50
1865.0000,-0.28
1865.0833,-0.54
1865.1667,-0.48
1865.2500,-0.16
1865.3333,-0.15
1865.4167,-0.66
1865.5000,-0.96
1865.5833,-0.69
1865.6667,-0.73
1865.7500,-0.61
1865.8333,-0.62
1865.9167,-0.76
1866.0000,-2.31
1866.0833,-2.27
1866.1667,-2.22
1866.2500,-1.16
1866.3333,-0.68
1866.4167,-0.84
1866.5000,-0.55
1866.5833,-0.40
1866.6667,-0.35
1866.7500,-0.17
1866.8333,-0.07
1866.9167,-0.29
1867.0000,-0.14
1867.0833,-0.29
1867.1667,-0.48
1867.2500,-0.43
1867.3333,-0.34
1867.4167,-0.14
1867.5000,0.16
1867.5833,-0.34
1867.6667,-0.29
1867.7500,-0.89
1867.8333,-0.28
1867.9167,0.76
1868.0000,0.98
1868.0833,0.26
1868.1667,0.03
1868.2500,-0.39
1868.3333,-0.43
1868.4167,-0.22
1868.5000,0.11
1868.5833,-0.02
1868.6667,0.09
1868.7500,-0.20
1868.8333,-0.63
1868.9167,-0.81
1869.0000,-0.84
1869.0833,-0.16
1869.1667,0.33
1869.2500,1.23
1869.3333,3.56
1869.4167,3.84
1869.5000,3.78
1869.5833,1.20
1869.6667,-0.12
1869.7500,-0.40
1869.8333,-0.63
1869.9167,-0.46
1870.0000,0.23
1870.0833,-0.19
1870.1667,0.03
1870.2500,-0.30
1870.3333,-0.14
1870.4167,-0.37
1870.5000,-0.13
1870.5833,0.05
1870.6667,-0.49
1870.7500,-0.70
1870.8333,-0.88
1870.9167,-0.94
1871.0000,-0.44
1871.0833,0.00
1871.1667,-0.18
1871.2500,-0.51
1871.3333,-0.93
1871.4167,-0.36
1871.5000,-0.38
1871.5833,-0.09
1871.6667,-0.58
1871.7500,-0.80
1871.8333,-0.90
1871.9167,-0.29
1872.0000,-0.39
1872.0833,-0.55
1872.1667,-0.20
1872.2500,-0.49
1872.3333,-0.03
1872.4167,-0.82
1872.5000,-0.95
1872.5833,-1.02
1872.6667,-0.51
1872.7500,-0.11
1872.8333,-1.74
1872.9167,-2.10
1873.0000,-2.06
1873.0833,-2.11
1873.1667,-1.67
1873.2500,-0.69
1873.3333,-0.49
1873.4167,-0.80
1873.5000,-1.14
1873.5833,-1.05
1873.6667,-0.87
1873.7500,-0.70
1873.8333,-1.06
1873.9167,-0.86
1874.0000,-0.74
1874.0833,-1.18
1874.1667,-0.24
1874.2500,0.16
1874.3333,0.01
1874.4167,-0.26
1874.5000,-0.21
1874.5833,0.31
1874.6667,0.15
1874.7500,-0.04
1874.8333,0.00
1874.9167,-1.13
1875.0000,-1.42
1875.0833,-1.53
1875.1667,-1.18
1875.2500,-1.24
1875.3333,-0.65
1875.4167,-0.79
1875.5000,-0.64
1875.5833,-0.80
1875.6667,-0.64
1875.7500,-1.19
1875.8333,-0.90
1875.9167,0.11
1876.0000,-0.96
1876.0833,-0.74
1876.1667,-0.91
1876.2500,-1.53
1876.3333,-1.57
1876.4167,-0.82
1876.5000,-2.21
1876.5833,-2.16
1876.6667,-1.48
1876.7500,-0.40
1876.8333,-0.04
1876.9167,-0.24
1877.0000,-0.13
1877.0833,-0.08
1877.1667,-0.08
1877.2500,-0.68
1877.3333,-0.82
1877.4167,-1.18
1877.5000,-0.37
1877.5833,-0.62
1877.6667,-0.24
1877.7500,0.02
1877.8333,0.46
1877.9167,0.07
1878.0000,0.18
1878.0833,0.85
1878.1667,0.96
1878.2500,1.49
1878.3333,1.48
1878.4167,0.90
1878.5000,0.46
1878.5833,-0.63
1878.6667,-1.97
1878.7500,-1.68
1878.8333,-0.51
1878.9167,1.31
1879.0000,0.20
1879.0833,0.13
1879.1667,0.23
1879.2500,0.61
1879.3333,-0.56
1879.4167,-0.91
1879.5000,-1.60
1879.5833,-0.62
1879.6667,-0.52
1879.7500,-0.75
1879.8333,-0.64
1879.9167,-0.20
1880.0000,0.44
1880.0833,-0.45
1880.1667,-1.51
1880.2500,-2.42
1880.3333,-2.97
1880.4167,-3.15
1880.5000,-2.27
1880.5833,-1.79
1880.6667,-1.77
1880.7500,0.02
1880.8333,-0.40
1880.9167,-0.06
1881.0000,-0.48
1881.0833,-0.15
1881.1667,-0.02
1881.2500,0.17
1881.3333,0.50
1881.4167,0.24
1881.5000,-1.30
1881.5833,-2.31
1881.6667,0.16
1881.7500,0.34
1881.8333,0.20
1881.9167,-0.55
1882.0000,-2.06
1882.0833,-1.92
1882.1667,-1.79
1882.2500,-1.60
1882.3333,-1.51
1882.4167,-1.71
1882.5000,-3.18
1882.5833,-1.10
1882.6667,-0.81
1882.7500,-1.07
1882.8333,-0.34
1882.9167,0.66
1883.0000,-0.97
1883.0833,-1.32
1883.1667,-1.40
1883.2500,-0.32
1883.3333,-0.67
1883.4167,-1.25
1883.5000,-2.82
1883.5833,-2.36
1883.6667,-1.75
1883.7500,-1.47
1883.8333,-1.07
1883.9167,-1.67
1884.0000,-1.77
1884.0833,-1.95
1884.1667,-1.42
1884.2500,-0.53
1884.3333,0.41
1884.4167,0.84
1884.5000,1.10
1884.5833,1.00
1884.6667,0.74
1884.7500,1.08
1884.8333,2.16
1884.9167,2.35
1885.0000,2.57
1885.0833,1.02
1885.1667,1.72
1885.2500,1.47
1885.3333,0.70
1885.4167,-0.41
1885.5000,-0.68
1885.5833,-0.06
1885.6667,-0.15
1885.7500,-0.05
1885.8333,-0.32
1885.9167,-0.34
1886.0000,-0.52
1886.0833,0.62
1886.1667,-0.48
1886.2500,0.35
1886.3333,-0.20
1886.4167,-1.17
1886.5000,-0.30
1886.5833,-0.39
1886.6667,-0.44
1886.7500,-1.30
1886.8333,-2.63
1886.9167,-1.79
1887.0000,-0.93
1887.0833,-1.41
1887.1667,-2.04
1887.2500,-1.49
1887.3333,-0.33
1887.4167,0.69
1887.5000,1.54
1887.5833,-0.87
1887.6667,-1.96
1887.7500,-1.33
1887.8333,-0.97
1887.9167,-1.07
1888.0000,-0.98
1888.0833,-0.11
1888.1667,0.10
1888.2500,0.02
1888.3333,1.48
1888.4167,1.68
1888.5000,1.78
1888.5833,1.13
1888.6667,1.04
1888.7500,0.60
1888.8333,0.76
1888.9167,0.47
1889.0000,0.44
1889.0833,-0.01
1889.1667,0.14
1889.2500,0.88
1889.3333,1.16
1889.4167,1.12
1889.5000,0.13
1889.5833,-1.02
1889.6667,-1.27
1889.7500,-0.42
1889.8333,1.34
1889.9167,-0.16
1890.0000,-0.66
1890.0833,-1.09
1890.1667,-1.49
1890.2500,-1.10
1890.3333,-1.34
1890.4167,-3.41
1890.5000,-1.40
1890.5833,-0.99
1890.6667,0.83
1890.7500,-0.45
1890.8333,-1.04
1890.9167,-1.31
1891.0000,-0.52
1891.0833,-0.80
1891.1667,-1.02
1891.2500,-0.48
1891.3333,0.87
1891.4167,1.01
1891.5000,1.13
1891.5833,0.64
1891.6667,0.30
1891.7500,0.89
1891.8333,0.03
1891.9167,-0.18
1892.0000,-1.15
1892.0833,-1.42
1892.1667,-0.96
1892.2500,-1.32
1892.3333,-2.76
1892.4167,-1.94
1892.5000,-1.65
1892.5833,-2.85
1892.6667,-2.46
1892.7500,-2.82
1892.8333,-2.36
1892.9167,-1.13
1893.0000,-0.51
1893.0833,-0.67
1893.1667,-0.93
1893.2500,-1.60
1893.3333,-2.45
1893.4167,-2.13
1893.5000,-2.14
1893.5833,-0.41
1893.6667,0.06
1893.7500,-0.54
1893.8333,-0.71
1893.9167,-1.49
1894.0000,-1.42
1894.0833,-2.17
1894.1667,-3.20
1894.2500,-3.15
1894.3333,-3.35
1894.4167,-2.75
1894.5000,-2.98
1894.5833,-1.91
1894.6667,-2.02
1894.7500,-2.56
1894.8333,-2.77
1894.9167,-1.17
1895.0000,-0.86
1895.0833,-0.64
1895.1667,-0.65
1895.2500,-1.13
1895.3333,-0.48
1895.4167,-0.74
1895.5000,0.43
1895.5833,-0.16
1895.6667,-1.34
1895.7500,-0.84
1895.8333,-1.23
1895.9167,-0.27
1896.0000,0.32
1896.0833,0.20
1896.1667,-0.17
1896.2500,-0.91
1896.3333,-1.32
1896.4167,-0.68
1896.5000,-0.32
1896.5833,-0.18
1896.6667,0.99
1896.7500,0.26
1896.8333,0.29
1896.9167,0.21
1897.0000,0.38
1897.0833,-0.29
1897.1667,-0.62
1897.2500,-0.06
1897.3333,0.67
1897.4167,0.80
1897.5000,0.57
1897.5833,0.00
1897.6667,-0.70
1897.7500,0.31
1897.8333,0.58
1897.9167,0.05
1898.0000,-0.08
1898.0833,-0.27
1898.1667,-0.42
1898.2500,0.21
1898.3333,-0.39
1898.4167,0.29
1898.5000,-0.36
1898.5833,0.43
1898.6667,0.29
1898.7500,0.27
1898.8333,0.55
1898.9167,0.60
1899.0000,0.08
1899.0833,-1.27
1899.1667,-0.75
1899.2500,-0.51
1899.3333,-1.07
1899.4167,-1.48
1899.5000,-0.14
1899.5833,0.32
1899.6667,0.35
1899.7500,-0.37
1899.8333,0.30
1899.9167,0.32
1900.0000,0.81
1900.0833,0.20
1900.1667,0.61
1900.2500,1.85
1900.3333,1.49
1900.4167,1.23
1900.5000,1.07
1900.5833,1.15
1900.6667,-0.40
1900.7500,0.08
1900.8333,0.57
1900.9167,1.02
1901.0000,1.13
1901.0833,0.65
1901.1667,-0.33
1901.2500,-0.45
1901.3333,-0.99
1901.4167,-0.84
1901.5000,-1.33
1901.5833,-0.73
1901.6667,-0.07
1901.7500,0.25
1901.8333,-0.08
1901.9167,0.56
1902.0000,1.37
1902.0833,0.53
1902.1667,0.40
1902.2500,0.64
1902.3333,1.36
1902.4167,2.33
1902.5000,3.04
1902.5833,1.81
1902.6667,0.89
1902.7500,1.11
1902.8333,0.74
1902.9167,0.44
1903.0000,-0.04
1903.0833,0.10
1903.1667,-0.19
1903.2500,-1.08
1903.3333,-0.37
1903.4167,0.04
1903.5000,1.49
1903.5833,1.35
1903.6667,0.54
1903.7500,0.72
1903.8333,0.22
1903.9167,0.60
1904.0000,1.41
1904.0833,0.54
1904.1667,0.72
1904.2500,0.07
1904.3333,0.47
1904.4167,-0.07
1904.5000,0.05
1904.5833,1.64
1904.6667,2.24
1904.7500,1.80
1904.8333,1.93
1904.9167,3.12
1905.0000,2.75
1905.0833,1.71
1905.1667,1.04
1905.2500,2.05
1905.3333,1.31
1905.4167,1.56
1905.5000,2.31
1905.5833,2.41
1905.6667,2.10
1905.7500,-0.41
1905.8333,0.74
1905.9167,-0.98
1906.0000,1.36
1906.0833,1.26
1906.1667,0.50
1906.2500,0.43
1906.3333,1.45
1906.4167,0.93
1906.5000,1.35
1906.5833,0.94
1906.6667,0.11
1906.7500,0.94
1906.8333,0.89
1906.9167,-0.43
1907.0000,-0.68
1907.0833,-0.36
1907.1667,-1.88
1907.2500,-1.58
1907.3333,0.23
1907.4167,0.96
1907.5000,0.59
1907.5833,-0.31
1907.6667,0.78
1907.7500,1.84
1907.8333,1.77
1907.9167,1.94
1908.0000,1.72
1908.0833,1.67
1908.1667,0.51
1908.2500,-0.08
1908.3333,0.16
1908.4167,0.21
1908.5000,0.42
1908.5833,-0.72
1908.6667,0.71
1908.7500,0.94
1908.8333,1.88
1908.9167,1.34
1909.0000,0.69
1909.0833,0.86
1909.1667,0.93
1909.2500,0.28
1909.3333,-0.17
1909.4167,-0.65
1909.5000,-1.39
1909.5833,-2.30
1909.6667,-1.97
1909.7500,-1.25
1909.8333,-1.36
1909.9167,-2.21
1910.0000,-1.71
1910.0833,-1.23
1910.1667,-0.90
1910.2500,-1.97
1910.3333,-2.33
1910.4167,-0.35
1910.5000,-0.08
1910.5833,-0.73
1910.6667,0.73
1910.7500,-0.96
1910.8333,-0.59
1910.9167,0.39
1911.0000,-0.30
1911.0833,-1.21
1911.1667,-1.26
1911.2500,-0.56
1911.3333,-0.71
1911.4167,-1.51
1911.5000,-0.38
1911.5833,0.08
1911.6667,-0.26
1911.7500,-0.12
1911.8333,-0.38
1911.9167,-0.97
1912.0000,-0.21
1912.0833,-0.02
1912.1667,-0.44
1912.2500,-0.51
1912.3333,-0.04
1912.4167,0.45
1912.5000,0.26
1912.5833,0.34
1912.6667,1.23
1912.7500,0.82
1912.8333,0.05
1912.9167,0.06
1913.0000,-0.25
1913.0833,0.11
1913.1667,-0.23
1913.2500,-0.85
1913.3333,0.10
1913.4167,0.32
1913.5000,0.90
1913.5833,1.12
1913.6667,0.76
1913.7500,0.40
1913.8333,0.44
1913.9167,0.11
1914.0000,-0.28
1914.0833,-0.30
1914.1667,0.04
1914.2500,0.82
1914.3333,0.47
1914.4167,-0.83
1914.5000,-1.01
1914.5833,-0.97
1914.6667,-1.17
1914.7500,-0.74
1914.8333,-0.35
1914.9167,-0.07
1915.0000,-0.42
1915.0833,-0.53
1915.1667,0.35
1915.2500,1.26
1915.3333,1.54
1915.4167,1.53
1915.5000,1.24
1915.5833,0.50
1915.6667,-0.08
1915.7500,-1.51
1915.8333,-1.45
1915.9167,-0.82
1916.0000,-1.56
1916.0833,-1.55
1916.1667,-1.30
1916.2500,-0.59
1916.3333,-0.49
1916.4167,-1.69
1916.5000,-1.68
1916.5833,-2.24
1916.6667,-2.05
1916.7500,-1.82
1916.8333,-2.48
1916.9167,-2.44
1917.0000,-1.71
1917.0833,-1.73
1917.1667,-1.94
1917.2500,-1.78
1917.3333,-1.19
1917.4167,-1.06
1917.5000,-0.90
1917.5833,-0.75
1917.6667,-1.15
1917.7500,-1.42
1917.8333,-0.74
1917.9167,-0.52
1918.0000,0.42
1918.0833,-0.13
1918.1667,-0.94
1918.2500,-0.85
1918.3333,-1.07
1918.4167,-0.57
1918.5000,0.00
1918.5833,0.22
1918.6667,0.41
1918.7500,1.31
1918.8333,1.33
1918.9167,0.55
1919.0000,0.47
1919.0833,-0.05
1919.1667,-0.64
1919.2500,-0.63
1919.3333,-1.05
1919.4167,-1.53
1919.5000,-1.87
1919.5833,-0.92
1919.6667,-0.31
1919.7500,-0.60
1919.8333,-0.77
1919.9167,-0.39
1920.0000,-1.08
1920.0833,-0.77
1920.1667,-0.90
1920.2500,-1.33
1920.3333,-1.24
1920.4167,-1.28
1920.5000,-1.59
1920.5833,-2.26
1920.6667,-2.19
1920.7500,-1.79
1920.8333,-0.80
1920.9167,-0.69
1921.0000,-1.09
1921.0833,-1.55
1921.1667,-0.85
1921.2500,-1.63
1921.3333,-1.50
1921.4167,-1.05
1921.5000,-1.58
1921.5833,-2.01
1921.6667,-1.50
1921.7500,-1.58
1921.8333,-0.81
1921.9167,0.00
1922.0000,0.07
1922.0833,-1.26
1922.1667,-1.63
1922.2500,-1.81
1922.3333,-1.89
1922.4167,-1.27
1922.5000,-0.74
1922.5833,-0.56
1922.6667,-0.49
1922.7500,-0.27
1922.8333,-0.74
1922.9167,0.46
1923.0000,0.24
1923.0833,-0.75
1923.1667,-1.01
1923.2500,-0.51
1923.3333,0.18
1923.4167,-0.98
1923.5000,0.60
1923.5833,0.21
1923.6667,-0.25
1923.7500,0.26
1923.8333,-0.26
1923.9167,-0.22
1924.0000,-0.70
1924.0833,-0.67
1924.1667,-0.47
1924.2500,-1.23
1924.3333,-0.53
1924.4167,-0.39
1924.5000,-1.01
1924.5833,-1.41
1924.6667,-1.73
1924.7500,-2.13
1924.8333,-1.40
1924.9167,-0.27
1925.0000,-0.93
1925.0833,-0.62
1925.1667,-0.65
1925.2500,-1.14
1925.3333,-0.51
1925.4167,-1.03
1925.5000,-0.69
1925.5833,-0.72
1925.6667,0.09
1925.7500,0.26
1925.8333,0.94
1925.9167,0.72
1926.0000,1.12
1926.0833,1.26
1926.1667,1.23
1926.2500,1.81
1926.3333,2.29
1926.4167,1.63
1926.5000,2.14
1926.5833,1.70
1926.6667,1.62
1926.7500,1.79
1926.8333,2.55
1926.9167,2.11
1927.0000,0.91
1927.0833,1.33
1927.1667,0.89
1927.2500,-0.03
1927.3333,-0.12
1927.4167,0.56
1927.5000,-0.28
1927.5833,-0.76
1927.6667,0.03
1927.7500,-0.63
1927.8333,-0.24
1927.9167,-0.08
1928.0000,0.45
1928.0833,0.75
1928.1667,0.88
1928.2500,0.42
1928.3333,0.48
1928.4167,0.96
1928.5000,-0.68
1928.5833,-0.86
1928.6667,-1.79
1928.7500,-1.05
1928.8333,0.09
1928.9167,0.60
1929.0000,0.83
1929.0833,0.24
1929.1667,0.04
1929.2500,0.23
1929.3333,0.48
1929.4167,0.60
1929.5000,0.03
1929.5833,-0.12
1929.6667,1.01
1929.7500,1.02
1929.8333,0.64
1929.9167,1.55
1930.0000,1.29
1930.0833,0.77
1930.1667,0.30
1930.2500,0.19
1930.3333,0.10
1930.4167,0.02
1930.5000,0.00
1930.5833,-0.20
1930.6667,0.33
1930.7500,0.01
1930.8333,-0.02
1930.9167,0.84
1931.0000,1.25
1931.0833,1.18
1931.1667,1.14
1931.2500,1.61
1931.3333,2.00
1931.4167,1.76
1931.5000,2.08
1931.5833,0.74
1931.6667,0.85
1931.7500,0.09
1931.8333,-0.21
1931.9167,-0.84
1932.0000,-1.22
1932.0833,-1.63
1932.1667,-0.65
1932.2500,0.49
1932.3333,-0.03
1932.4167,-0.15
1932.5000,-0.23
1932.5833,-0.29
1932.6667,-1.14
1932.7500,-0.02
1932.8333,-0.32
1932.9167,0.16
1933.0000,-0.70
1933.0833,-1.08
1933.1667,-1.05
1933.2500,-0.84
1933.3333,-1.83
1933.4167,-2.36
1933.5000,-3.32
1933.5833,-2.92
1933.6667,-2.97
1933.7500,-1.83
1933.8333,-0.49
1933.9167,-0.66
1934.0000,-0.41
1934.0833,0.10
1934.1667,0.88
1934.2500,1.26
1934.3333,0.79
1934.4167,-0.27
1934.5000,0.18
1934.5833,1.23
1934.6667,1.13
1934.7500,1.91
1934.8333,1.64
1934.9167,1.51
1935.0000,0.72
1935.0833,0.11
1935.1667,-0.26
1935.2500,0.10
1935.3333,0.73
1935.4167,1.23
1935.5000,0.62
1935.5833,0.35
1935.6667,0.42
1935.7500,0.40
1935.8333,0.23
1935.9167,1.53
1936.0000,2.17
1936.0833,1.60
1936.1667,1.19
1936.2500,1.19
1936.3333,1.64
1936.4167,2.24
1936.5000,2.79
1936.5833,1.95
1936.6667,0.98
1936.7500,2.15
1936.8333,2.83
1936.9167,1.52
1937.0000,0.06
1937.0833,-0.45
1937.1667,-0.28
1937.2500,-0.69
1937.3333,-0.39
1937.4167,1.16
1937.5000,-0.32
1937.5833,-0.98
1937.6667,0.01
1937.7500,0.52
1937.8333,0.97
1937.9167,1.06
1938.0000,1.53
1938.0833,0.28
1938.1667,-0.45
1938.2500,-0.22
1938.3333,-0.59
1938.4167,-0.62
1938.5000,-0.63
1938.5833,-0.57
1938.6667,-0.26
1938.7500,0.78
1938.8333,0.04
1938.9167,1.14
1939.0000,1.17
1939.0833,-0.10
1939.1667,-0.63
1939.2500,0.03
1939.3333,0.12
1939.4167,-0.07
1939.5000,-1.10
1939.5833,-1.31
1939.6667,-1.54
1939.7500,-1.49
1939.8333,-0.90
1939.9167,1.44
1940.0000,1.82
1940.0833,1.55
1940.1667,1.87
1940.2500,2.06
1940.3333,1.76
1940.4167,2.07
1940.5000,1.82
1940.5833,1.31
1940.6667,1.09
1940.7500,1.28
1940.8333,1.55
1940.9167,2.68
1941.0000,2.67
1941.0833,2.86
1941.1667,2.43
1941.2500,2.31
1941.3333,2.07
1941.4167,2.83
1941.5000,3.01
1941.5833,3.22
1941.6667,2.04
1941.7500,1.14
1941.8333,1.51
1941.9167,2.21
1942.0000,2.48
1942.0833,1.96
1942.1667,1.11
1942.2500,0.97
1942.3333,0.53
1942.4167,0.77
1942.5000,0.58
1942.5833,0.60
1942.6667,0.37
1942.7500,0.23
1942.8333,-0.13
1942.9167,-0.93
1943.0000,-1.62
1943.0833,-0.70
1943.1667,0.32
1943.2500,1.28
1943.3333,0.58
1943.4167,-0.14
1943.5000,-0.22
1943.5833,-1.88
1943.6667,-1.61
1943.7500,-1.48
1943.8333,-0.18
1943.9167,1.98
1944.0000,1.58
1944.0833,0.25
1944.1667,-0.53
1944.2500,-0.87
1944.3333,-1.76
1944.4167,-2.10
1944.5000,-1.49
1944.5833,-1.00
1944.6667,-1.94
1944.7500,-1.50
1944.8333,-0.81
1944.9167,-0.48
1945.0000,-0.09
1945.0833,-0.34
1945.1667,-0.06
1945.2500,-0.37
1945.3333,-0.38
1945.4167,0.16
1945.5000,0.31
1945.5833,-0.61
1945.6667,-0.57
1945.7500,-0.42
1945.8333,-1.34
1945.9167,-1.99
1946.0000,-1.10
1946.0833,0.67
1946.1667,0.73
1946.2500,0.67
1946.3333,-0.45
1946.4167,-0.63
1946.5000,-0.07
1946.5833,-0.17
1946.6667,-0.15
1946.7500,-1.23
1946.8333,-1.82
1946.9167,-1.66
1947.0000,-0.15
1947.0833,0.22
1947.1667,0.31
1947.2500,0.10
1947.3333,-0.36
1947.4167,0.67
1947.5000,0.78
1947.5833,0.61
1947.6667,0.40
1947.7500,1.39
1947.8333,0.61
1947.9167,0.43
1948.0000,0.27
1948.0833,-0.32
1948.1667,-1.11
1948.2500,-1.13
1948.3333,-1.78
1948.4167,0.01
1948.5000,-0.10
1948.5833,-1.07
1948.6667,-1.07
1948.7500,-1.74
1948.8333,-0.92
1948.9167,-1.85
1949.0000,-2.82
1949.0833,-3.17
1949.1667,-1.82
1949.2500,-1.54
1949.3333,-1.37
1949.4167,-1.21
1949.5000,-1.48
1949.5833,-1.61
1949.6667,-1.60
1949.7500,-2.29
1949.8333,-1.08
1949.9167,-0.93
1950.0000,-1.61
1950.0833,-2.17
1950.1667,-1.89
1950.2500,-1.99
1950.3333,-3.19
1950.4167,-2.52
1950.5000,-3.65
1950.5833,-2.98
1950.6667,-2.40
1950.7500,-1.92
1950.8333,-1.45
1950.9167,-1.06
1951.0000,-1.19
1951.0833,-1.52
1951.1667,-1.72
1951.2500,-1.35
1951.3333,-1.29
1951.4167,-1.77
1951.5000,-0.23
1951.5833,-1.76
1951.6667,-0.78
1951.7500,-0.09
1951.8333,-0.31
1951.9167,-1.45
1952.0000,-2.19
1952.0833,-1.35
1952.1667,-1.67
1952.2500,-1.92
1952.3333,-2.07
1952.4167,-2.13
1952.5000,-2.05
1952.5833,-1.58
1952.6667,-1.36
1952.7500,-0.91
1952.8333,-0.53
1952.9167,-0.83
1953.0000,-0.16
1953.0833,-0.46
1953.1667,-1.27
1953.2500,-0.90
1953.3333,-0.55
1953.4167,-0.20
1953.5000,0.06
1953.5833,-0.92
1953.6667,-1.11
1953.7500,-1.48
1953.8333,-0.51
1953.9167,-0.18
1954.0000,-1.13
1954.0833,-0.95
1954.1667,-1.15
1954.2500,-1.25
1954.3333,-0.76
1954.4167,0.49
1954.5000,-0.08
1954.5833,-0.32
1954.6667,-1.05
1954.7500,0.02
1954.8333,0.85
1954.9167,0.49
1955.0000,-0.23
1955.0833,-1.01
1955.1667,-1.24
1955.2500,-2.21
1955.3333,-1.89
1955.4167,-2.18
1955.5000,-2.75
1955.5833,-2.66
1955.6667,-2.48
1955.7500,-3.35
1955.8333,-2.63
1955.9167,-2.20
1956.0000,-2.26
1956.0833,-2.28
1956.1667,-2.93
1956.2500,-2.55
1956.3333,-1.62
1956.4167,-1.98
1956.5000,-1.48
1956.5833,-1.00
1956.6667,-0.28
1956.7500,-1.66
1956.8333,-2.44
1956.9167,-1.27
1957.0000,-1.31
1957.0833,-1.57
1957.1667,-0.83
1957.2500,-0.81
1957.3333,-0.02
1957.4167,1.53
1957.5000,0.59
1957.5833,0.34
1957.6667,1.84
1957.7500,1.72
1957.8333,1.54
1957.9167,0.46
1958.0000,0.83
1958.0833,0.94
1958.1667,0.62
1958.2500,0.56
1958.3333,1.46
1958.4167,1.82
1958.5000,0.61
1958.5833,1.06
1958.6667,0.77
1958.7500,0.28
1958.8333,0.28
1958.9167,1.14
1959.0000,1.04
1959.0833,0.35
1959.1667,-0.14
1959.2500,-0.16
1959.3333,-0.13
1959.4167,0.23
1959.5000,-0.42
1959.5833,-0.31
1959.6667,-0.53
1959.7500,0.96
1959.8333,1.38
1959.9167,1.02
1960.0000,0.24
1960.0833,0.61
1960.1667,0.23
1960.2500,0.21
1960.3333,0.35
1960.4167,1.20
1960.5000,-0.42
1960.5833,-0.31
1960.6667,-0.96
1960.7500,-0.34
1960.8333,-0.34
1960.9167,0.00
1961.0000,0.89
1961.0833,0.92
1961.1667,0.64
1961.2500,0.28
1961.3333,-0.54
1961.4167,-0.70
1961.5000,-1.23
1961.5833,-0.87
1961.6667,-1.34
1961.7500,-1.78
1961.8333,-1.43
1961.9167,-1.73
1962.0000,-1.00
1962.0833,-0.87
1962.1667,-1.06
1962.2500,-0.95
1962.3333,-1.30
1962.4167,-1.71
1962.5000,-1.83
1962.5833,-0.66
1962.6667,-1.47
1962.7500,-1.76
1962.8333,-0.38
1962.9167,-0.23
1963.0000,0.12
1963.0833,0.15
1963.1667,-0.28
1963.2500,-0.27
1963.3333,-1.26
1963.4167,-0.60
1963.5000,-1.11
1963.5833,-1.01
1963.6667,1.08
1963.7500,0.34
1963.8333,-0.50
1963.9167,0.45
1964.0000,0.34
1964.0833,0.21
1964.1667,-0.71
1964.2500,-1.27
1964.3333,-2.39
1964.4167,-0.86
1964.5000,-1.08
1964.5833,-1.60
1964.6667,-1.35
1964.7500,-0.64
1964.8333,-0.68
1964.9167,-0.62
1965.0000,-0.95
1965.0833,-0.61
1965.1667,-0.17
1965.2500,-0.01
1965.3333,-0.66
1965.4167,-0.76
1965.5000,-0.74
1965.5833,0.32
1965.6667,0.83
1965.7500,0.30
1965.8333,0.47
1965.9167,0.25
1966.0000,-0.67
1966.0833,-0.43
1966.1667,-1.00
1966.2500,-0.37
1966.3333,-0.76
1966.4167,0.10
1966.5000,0.01
1966.5833,-0.29
1966.6667,-0.35
1966.7500,-0.60
1966.8333,-0.71
1966.9167,-0.21
1967.0000,-0.24
1967.0833,-0.25
1967.1667,-0.80
1967.2500,-1.13
1967.3333,-1.54
1967.4167,-1.20
1967.5000,-1.21
1967.5833,-1.55
1967.6667,-0.60
1967.7500,-0.06
1967.8333,0.36
1967.9167,-0.68
1968.0000,-0.65
1968.0833,-0.19
1968.1667,0.08
1968.2500,-0.69
1968.3333,-0.79
1968.4167,0.14
1968.5000,0.44
1968.5833,-0.01
1968.6667,0.26
1968.7500,-0.18
1968.8333,0.03
1968.9167,-0.29
1969.0000,-0.71
1969.0833,-1.22
1969.1667,-1.21
1969.2500,-1.07
1969.3333,-1.06
1969.4167,0.84
1969.5000,-0.37
1969.5833,-0.92
1969.6667,-1.07
1969.7500,0.95
1969.8333,0.58
1969.9167,1.13
1970.0000,1.06
1970.0833,1.01
1970.1667,1.20
1970.2500,0.31
1970.3333,-0.89
1970.4167,-0.12
1970.5000,-0.92
1970.5833,-1.79
1970.6667,-1.68
1970.7500,-1.20
1970.8333,-0.92
1970.9167,-0.91
1971.0000,-1.34
1971.0833,-1.45
1971.1667,-1.55
1971.2500,-1.70
1971.3333,-1.75
1971.4167,-1.86
1971.5000,-2.25
1971.5833,-0.32
1971.6667,-0.17
1971.7500,-0.35
1971.8333,-1.28
1971.9167,-1.77
1972.0000,-2.12
1972.0833,-1.95
1972.1667,-1.53
1972.2500,-1.70
1972.3333,-2.16
1972.4167,-1.84
1972.5000,-1.48
1972.5833,-0.11
1972.6667,-0.20
1972.7500,-0.22
1972.8333,-0.05
1972.9167,-0.37
1973.0000,-0.15
1973.0833,-0.55
1973.1667,-0.88
1973.2500,-1.35
1973.3333,-1.59
1973.4167,-1.44
1973.5000,-1.40
1973.5833,-1.56
1973.6667,-1.05
1973.7500,-1.36
1973.8333,-1.42
1973.9167,-0.89
1974.0000,-0.86
1974.0833,-1.38
1974.1667,-1.21
1974.2500,-0.62
1974.3333,-0.72
1974.4167,-0.37
1974.5000,0.02
1974.5833,-0.27
1974.6667,0.71
1974.7500,0.19
1974.8333,0.61
1974.9167,0.27
1975.0000,-0.65
1975.0833,-0.93
1975.1667,-1.07
1975.2500,-1.79
1975.3333,-2.08
1975.4167,-1.61
1975.5000,-0.84
1975.5833,-1.56
1975.6667,-1.60
1975.7500,-1.59
1975.8333,-1.73
1975.9167,-1.49
1976.0000,-1.08
1976.0833,-1.01
1976.1667,-1.31
1976.2500,-1.38
1976.3333,-1.23
1976.4167,-1.26
1976.5000,0.28
1976.5833,0.97
1976.6667,0.58
1976.7500,1.12
1976.8333,1.33
1976.9167,1.20
1977.0000,1.24
1977.0833,1.51
1977.1667,0.62
1977.2500,-0.25
1977.3333,-0.47
1977.4167,0.03
1977.5000,-0.06
1977.5833,-0.09
1977.6667,-0.64
1977.7500,-0.84
1977.8333,-0.45
1977.9167,-0.06
1978.0000,0.58
1978.0833,0.78
1978.1667,1.13
1978.2500,1.03
1978.3333,0.77
1978.4167,0.33
1978.5000,-1.62
1978.5833,-0.91
1978.6667,-0.78
1978.7500,0.07
1978.8333,-0.01
1978.9167,-0.51
1979.0000,-0.38
1979.0833,-1.29
1979.1667,-0.68
1979.2500,-0.12
1979.3333,0.57
1979.4167,0.22
1979.5000,0.30
1979.5833,0.05
1979.6667,0.88
1979.7500,1.10
1979.8333,0.58
1979.9167,0.06
1980.0000,0.06
1980.0833,0.58
1980.1667,0.62
1980.2500,0.78
1980.3333,0.64
1980.4167,-0.72
1980.5000,-0.21
1980.5833,0.08
1980.6667,-0.13
1980.7500,0.99
1980.8333,0.71
1980.9167,0.30
1981.0000,1.18
1981.0833,1.24
1981.1667,1.22
1981.2500,1.07
1981.3333,1.29
1981.4167,1.82
1981.5000,0.82
1981.5833,-0.05
1981.6667,0.43
1981.7500,-0.09
1981.8333,0.54
1981.9167,0.59
1982.0000,0.11
1982.0833,-0.19
1982.1667,-0.37
1982.2500,-0.70
1982.3333,-1.21
1982.4167,-0.99
1982.5000,0.12
1982.5833,-0.08
1982.6667,0.51
1982.7500,0.15
1982.8333,-0.60
1982.9167,0.16
1983.0000,0.40
1983.0833,0.97
1983.1667,1.73
1983.2500,1.26
1983.3333,1.01
1983.4167,1.90
1983.5000,2.47
1983.5833,1.18
1983.6667,0.47
1983.7500,0.68
1983.8333,1.19
1983.9167,1.72
1984.0000,1.42
1984.0833,1.23
1984.1667,1.56
1984.2500,1.00
1984.3333,0.87
1984.4167,-0.13
1984.5000,-0.35
1984.5833,0.01
1984.6667,0.18
1984.7500,0.43
1984.8333,0.54
1984.9167,0.48
1985.0000,0.87
1985.0833,0.48
1985.1667,-0.34
1985.2500,-0.52
1985.3333,-0.87
1985.4167,0.04
1985.5000,0.52
1985.5833,0.19
1985.6667,0.13
1985.7500,0.14
1985.8333,-0.65
1985.9167,0.33
1986.0000,1.04
1986.0833,1.47
1986.1667,1.68
1986.2500,1.21
1986.3333,0.85
1986.4167,0.62
1986.5000,1.05
1986.5833,-0.19
1986.6667,-0.03
1986.7500,1.00
1986.8333,1.68
1986.9167,1.71
1987.0000,1.47
1987.0833,1.46
1987.1667,1.35
1987.2500,1.38
1987.3333,0.82
1987.4167,0.05
1987.5000,1.38
1987.5833,1.74
1987.6667,1.44
1987.7500,0.68
1987.8333,0.93
1987.9167,0.94
1988.0000,0.23
1988.0833,0.47
1988.1667,0.49
1988.2500,0.34
1988.3333,0.37
1988.4167,0.21
1988.5000,-0.15
1988.5833,-0.88
1988.6667,-0.98
1988.7500,-0.36
1988.8333,-0.06
1988.9167,-0.14
1989.0000,-1.24
1989.0833,-1.45
1989.1667,-1.24
1989.2500,-0.32
1989.3333,-0.09
1989.4167,0.11
1989.5000,0.56
1989.5833,-0.44
1989.6667,-0.57
1989.7500,-0.51
1989.8333,-0.76
1989.9167,-0.10
1990.0000,-0.42
1990.0833,-1.28
1990.1667,-1.24
1990.2500,-0.15
1990.3333,-0.32
1990.4167,-0.25
1990.5000,-0.31
1990.5833,-0.43
1990.6667,-0.26
1990.7500,-1.16
1990.8333,-1.88
1990.9167,-2.22
1991.0000,-1.80
1991.0833,-1.09
1991.1667,-1.11
1991.2500,-1.63
1991.3333,-1.65
1991.4167,-2.25
1991.5000,-1.57
1991.5833,-0.58
1991.6667,0.37
1991.7500,0.41
1991.8333,0.56
1991.9167,-0.21
1992.0000,0.08
1992.0833,0.17
1992.1667,0.12
1992.2500,0.55
1992.3333,1.26
1992.4167,1.22
1992.5000,1.50
1992.5833,0.85
1992.6667,0.45
1992.7500,1.28
1992.8333,1.31
1992.9167,0.33
1993.0000,-0.28
1993.0833,0.02
1993.1667,0.24
1993.2500,1.00
1993.3333,1.79
1993.4167,2.05
1993.5000,1.48
1993.5833,1.96
1993.6667,1.15
1993.7500,1.31
1993.8333,1.13
1993.9167,0.67
1994.0000,0.85
1994.0833,0.33
1994.1667,0.27
1994.2500,0.49
1994.3333,0.55
1994.4167,0.10
1994.5000,-0.91
1994.5833,-0.88
1994.6667,-1.51
1994.7500,-1.06
1994.8333,-1.93
1994.9167,-2.22
1995.0000,-0.86
1995.0833,0.02
1995.1667,0.46
1995.2500,0.49
1995.3333,0.89
1995.4167,1.03
1995.5000,1.00
1995.5833,-0.11
1995.6667,1.22
1995.7500,0.64
1995.8333,0.05
1995.9167,0.44
1996.0000,1.01
1996.0833,1.01
1996.1667,0.85
1996.2500,1.37
1996.3333,2.13
1996.4167,1.10
1996.5000,0.57
1996.5833,-0.66
1996.6667,0.07
1996.7500,0.40
1996.8333,0.38
1996.9167,-0.03
1997.0000,0.44
1997.0833,0.29
1997.1667,0.39
1997.2500,0.73
1997.3333,1.59
1997.4167,2.55
1997.5000,1.49
1997.5833,2.27
1997.6667,1.80
1997.7500,1.78
1997.8333,1.48
1997.9167,0.99
1998.0000,1.05
1998.0833,1.52
1998.1667,1.29
1998.2500,0.03
1998.3333,-0.83
1998.4167,-0.78
1998.5000,-1.16
1998.5833,-0.87
1998.6667,-1.70
1998.7500,-2.23
1998.8333,-0.97
1998.9167,-1.09
1999.0000,-0.78
1999.0833,-1.06
1999.1667,-1.18
1999.2500,-1.85
1999.3333,-2.32
1999.4167,-2.34
1999.5000,-1.87
1999.5833,-1.84
1999.6667,-2.24
1999.7500,-2.54
1999.8333,-2.18
1999.9167,-1.92
2000.0000,-2.20
2000.0833,-1.28
2000.1667,-0.66
2000.2500,-0.63
2000.3333,-0.81
2000.4167,-0.64
2000.5000,-1.51
2000.5833,-1.68
2000.6667,-1.45
2000.7500,-1.61
2000.8333,-1.04
2000.9167,0.00
2001.0000,0.48
2001.0833,-0.01
2001.1667,-0.41
2001.2500,-1.18
2001.3333,-1.12
2001.4167,-1.22
2001.5000,-2.21
2001.5833,-1.68
2001.6667,-1.98
2001.7500,-1.91
2001.8333,-1.25
2001.9167,-1.12
2002.0000,-0.42
2002.0833,-1.51
2002.1667,-1.27
2002.2500,-1.23
2002.3333,-1.30
2002.4167,-1.18
2002.5000,-0.71
2002.5833,0.11
2002.6667,-0.21
2002.7500,-0.20
2002.8333,1.08
2002.9167,1.57
2003.0000,1.45
2003.0833,1.23
2003.1667,1.01
2003.2500,0.36
2003.3333,0.21
2003.4167,-0.42
2003.5000,0.37
2003.5833,0.63
2003.6667,-0.17
2003.7500,0.74
2003.8333,-0.23
2003.9167,-0.60
2004.0000,-0.55
2004.0833,-0.21
2004.1667,-0.15
2004.2500,0.00
2004.3333,0.61
2004.4167,-0.11
2004.5000,0.04
2004.5833,0.24
2004.6667,0.02
2004.7500,-0.72
2004.8333,-1.22
2004.9167,-0.64
2005.0000,-0.15
2005.0833,-0.01
2005.1667,0.70
2005.2500,0.28
2005.3333,1.36
2005.4167,0.85
2005.5000,0.11
2005.5833,-0.42
2005.6667,-0.99
2005.7500,-2.00
2005.8333,-1.89
2005.9167,-0.10
2006.0000,0.54
2006.0833,0.38
2006.1667,-0.74
2006.2500,-0.54
2006.3333,-0.37
2006.4167,0.21
2006.5000,0.39
2006.5833,-0.85
2006.6667,-1.54
2006.7500,-0.46
2006.8333,-0.81
2006.9167,-0.42
2007.0000,-0.69
2007.0833,-0.71
2007.1667,-1.10
2007.2500,-0.46
2007.3333,-0.29
2007.4167,-0.07
2007.5000,0.43
2007.5833,0.09
2007.6667,-0.97
2007.7500,-2.33
2007.8333,-1.46
2007.9167,-0.87
2008.0000,-1.50
2008.0833,-1.46
2008.1667,-1.26
2008.2500,-1.79
2008.3333,-1.62
2008.4167,-1.85
2008.5000,-1.96
2008.5833,-1.85
2008.6667,-1.87
2008.7500,-1.90
2008.8333,-1.59
2008.9167,-1.31
2009.0000,-1.81
2009.0833,-1.78
2009.1667,-2.06
2009.2500,-2.23
2009.3333,-1.32
2009.4167,-0.73
2009.5000,-0.71
2009.5833,-0.49
2009.6667,0.33
2009.7500,-0.13
2009.8333,-0.94
2009.9167,-0.51
2010.0000,0.05
2010.0833,0.25
2010.1667,-0.16
2010.2500,-0.04
2010.3333,-0.18
2010.4167,-0.79
2010.5000,-1.99
2010.5833,-2.21
2010.6667,-2.45
2010.7500,-1.60
2010.8333,-1.57
2010.9167,-2.04
2011.0000,-1.80
2011.0833,-1.46
2011.1667,-1.28
2011.2500,-1.02
2011.3333,-0.66
2011.4167,-1.08
2011.5000,-2.30
2011.5833,-2.37
2011.6667,-2.50
2011.7500,-1.92
2011.8333,-2.95
2011.9167,-2.40
2012.0000,-1.85
2012.0833,-1.35
2012.1667,-1.66
2012.2500,-1.01
2012.3333,-2.12
2012.4167,-1.63
2012.5000,-2.40
2012.5833,-2.60
2012.6667,-2.99
2012.7500,-1.22
2012.8333,-0.66
2012.9167,-1.31
2013.0000,-1.10
2013.0833,-1.42
2013.1667,-1.48
2013.2500,-0.72
2013.3333,-0.40
2013.4167,-1.19
2013.5000,-1.34
2013.5833,-1.56
2013.6667,-1.00
2013.7500,-1.65
2013.8333,-1.09
2013.9167,-1.04
2014.0000,-0.57
2014.0833,-0.42
2014.1667,0.30
2014.2500,0.36
2014.3333,1.27
2014.4167,-0.28
2014.5000,0.25
2014.5833,0.34
2014.6667,0.76
2014.7500,1.43
2014.8333,1.35
2014.9167,1.86
2015.0000,1.51
2015.0833,1.52
2015.1667,1.33
2015.2500,0.90
2015.3333,0.32
2015.4167,0.82
2015.5000,1.41
2015.5833,0.98
2015.6667,0.97
2015.7500,0.84
2015.8333,0.17
2015.9167,0.28
2016.0000,0.75
2016.0833,1.29
2016.1667,1.56
2016.2500,1.74
2016.3333,1.60
2016.4167,0.86
2016.5000,0.57
2016.5833,-0.63
2016.6667,-0.80
2016.7500,-0.43
2016.8333,0.96
2016.9167,0.61
2017.0000,-0.05
2017.0833,-0.01
2017.1667,0.10
2017.2500,0.56
2017.3333,0.45
2017.4167,0.35
2017.5000,-0.43
2017.5833,-0.62
2017.6667,-0.18
2017.7500,-0.68
2017.8333,-0.59
2017.9167,-0.02
2018.0000,0.39
2018.0833,-0.08
2018.1667,-0.71
2018.2500,-0.81
2018.3333,-0.45
2018.4167,-0.65
2018.5000,-0.01
2018.5833,-0.24
2018.6667,-0.35
2018.7500,-0.57
2018.8333,-0.69
2018.9167,-0.21
2019.0000,-0.34
2019.0833,-0.72
2019.1667,-0.39
2019.2500,0.10
2019.3333,0.26
2019.4167,-0.05
2019.5000,0.54
2019.5833,0.01
2019.6667,0.13
2019.7500,-0.90
2019.8333,-0.49
2019.9167,0.00
2020.0000,-1.41
2020.0833,-1.48
2020.1667,-1.75
2020.2500,-1.32
2020.3333,-0.53
2020.4167,-0.76
2020.5000,-0.92
2020.5833,-1.33
2020.6667,-1.04
2020.7500,-0.62
2020.8333,-1.59
2020.9167,-0.99
2021.0000,-0.61
2021.0833,-1.10
2021.1667,-1.68
2021.2500,-1.85
2021.3333,-2.01
2021.4167,-1.81
2021.5000,-1.96
2021.5833,-0.94
2021.6667,-1.96
2021.7500,-3.11
2021.8333,-2.75
2021.9167,-2.71
2022.0000,-2.40
2022.0833,-1.91
2022.1667,-1.67
2022.2500,-2.10
2022.3333,-2.25
2022.4167,-1.34
2022.5000,-2.62
2022.5833,-2.38
2022.6667,-2.29
2022.7500,-1.80
2022.8333,-2.41
2022.9167,-2.21
2023.0000,-1.25
2023.0833,-1.65
2023.1667,-2.45
2023.2500,-3.07
2023.3333,-2.41
2023.4167,-2.53
2023.5000,-2.52
2023.5833,-2.46
2023.6667,-2.94
2023.7500,99.99
2023.8333,99.99
2023.9167,99.99